date_of_race,place_of_race,name_of_race
2019-01-01
2019-01-01
2019-01-01
2019-01-01
2019-01-01
2019-01-01
2019-01-01
2019-01-01
2019-01-01
2019-01-01
2019-01-01
2019-01-01
2019-01-01
2019-01-01
2019-01-01
2019-01-01
2019-01-01
2019-01-01
2019-01-01
2019-01-01
Rokycany
Praha 4-Braník
Karlovy Vary-Doubí
Brno-Pisárky
Praha 9-Horní Počernice
Benešov u Prahy
Loket
Draženov
Tábor
Doksy
Chrudim
Kadaň
Ostrava-Poruba
Praha 10
Ústí nad Orlicí
Kladno
Zlín
Praha 7
Kuřim
Slatinice
Novoroční závod z Rokycan na Žďár - VC Eko Komíny s.r.o.
Pražská běžecká tour VAŠÍ LIGY (1)
Novoroční běh na Svatošské skály
Novoroční ACSPORT.CZ půlmaraton / desítka
Novoroční běh Horními Počernicemi
Novoroční běh Konopiště
Novoroční běh Loket
Novoroční běh Draženov
Novoroční běh kolem sídliště Nad Lužnicí
Novoroční běh okolo Máchova jezera
Novoroční běh Pepy Poupěte
Novoroční kondiční běh
Novoroční běh a pochod za zdravím
Novoroční lampiónový běh
Běh do vrchu na Andrlův chlum
Zimní běh Iva Domanského
Běh na 2 míle Zlín
Běh na 2 míle Praha
Kuřimský kros
Zimní běh přes Kosíř
2019-01-05
2019-01-05
2019-01-05
2019-01-05
2019-01-05
2019-01-05
2019-01-05
2019-01-05
2019-01-05
2019-01-05
2019-01-05
2019-01-05
2019-01-05
2019-01-05
2019-01-05
2019-01-05
2019-01-05
2019-01-05
2019-01-05
2019-01-05
Zaloňov
Praha 6
Chomutov
Brno
Olomouc
Kobeřice
Srch
Vlašim
Chýnov u Tábora
Hradec Králové
Štěpánov
Libice nad Doubravou
Hroznětín
Osek u Hořovic
Uhřice
Ústí nad Labem
Grymov
Kadaň
Praha 8-Kobylisy
Rtyně v Podkrkonoší
Zaloňovská desítka
Vběhnutí do sezony s BONBONem
Desítka v Bezručáku
Luďkův běh
Běh na 2 míle Olomouc
Zimní běh Kobeřicemi
Zimní pohár Srchu 3. závod
Zimní běh na Blaník
Běh milénia
innogy Winter Run Hradec Králové
Běh na Hutích
SPÁLAVKA
Hroznatův běh
Běh Partyzánskou stezkou
Uhřické kolečko
Běh Milana Varcholy
Zimní běh podél Bečvy
Tříkrálový běh
Ďáblická míle
Rtyňské okruhy sídlištěm
2019-01-17
2019-01-17
2019-01-17
2019-01-17
2019-01-17
2019-01-17
2019-01-17
2019-01-17
2019-01-17
2019-01-17
2019-01-17
2019-01-17
2019-01-17
2019-01-17
2019-01-17
2019-01-17
2019-01-17
2019-01-17
2019-01-17
2019-01-17
Olomouc
Liteň
Radostice
Brno
České Budějovice
Vratislavice nad Nisou
Hlučín
Cheb
Přerov 141
Kadaň
Havlovice
Praha 4-Braník
Lovosice
Ostrava
Rájec-Jestřebí
Praha 4-Krč
Krušné hory
Teplice
Olomouc-Slavonín
Krnov-Ježník
Lednový běh Smetanovými sady
Zimní běh Litní a zámeckým parkem
Radostická nerezová desítka
innogy Winter Run Brno
SMRŽ auto - moto T1 maraton
Spartan Winter Sprint Vratislavice
Zimní běh Hlučín
Chebská běžecká zima III
Běh Ledňáček
Lestkovský půlmaraton
Běh Ratibořickým údolím
Pražská běžecká tour VAŠÍ LIGY (2)
Běh Opárenským údolím
innogy Winter Run Ostrava
Rájecká desítka
Rybakros
Predator RACE Dril Winter edition
VokoBer(g)
Slavonínská desítka
Ježník Run 3
2019-01-27
2019-01-27
2019-01-27
2019-01-27
2019-01-27
2019-01-27
2019-01-27
2019-01-27
2019-01-27
2019-01-27
2019-01-27
2019-01-27
2019-01-27
2019-01-27
2019-01-27
2019-01-27
2019-01-27
2019-01-27
2019-01-27
2019-01-27
Kravaře-Kouty
Krušné hory
Kadaň
Červenka
Zlín
Praha 7
České Budějovice
Liberec
Roudníky
Kladno-Dubí
Brno
Hradec nad Moravicí
Plzeň
Olomouc
Ústí nad Labem
Plzeň
Kadaň
Batňovice
Jaroměř
Zlín-Jižní Svahy
Zimní šestka
Predator RACE Brutal Winter edition
Lomazická stezka
Zimní běh Červenkou
Běh na 2 míle Zlín
Běh na 2 míle Praha
innogy Winter Run České Budějovice
360° Challenge WINTER
Milada Winter Run
Svatojánský běh
Luďkův běh
Kilpi Heroes Race Winter
Charitativní závod dvojic na 6 x 1 míle
Běh na 2 míle Olomouc
Běh kolem Jedlové hory
Běžecký battle
Běh přes Strážiště
Běh přes Vartu
Night Winter Gladiator Race
Běh Jižními Svahy
2019-02-09
2019-02-09
2019-02-09
2019-02-09
2019-02-09
2019-02-09
2019-02-09
2019-02-09
2019-02-09
2019-02-09
2019-02-09
2019-02-09
2019-02-09
2019-02-09
2019-02-09
2019-02-09
2019-02-09
2019-02-09
2019-02-09
2019-02-09
Svatý Kopeček u Olomouce
Černá v Pošumaví
Maleč
Jaroměř
Trokavec
Odry
Cheb
Kadaň
Praha 8-Kobylisy
Hradec Králové
Srch
Děčín
Olomouc
Praha 6
Olomouc
Ostrava-Třebovice
Olomouc-Radíkov
Plzeň
Vinařice u Kladna
Kadaň
Běh na Posluchov
Lipno Ice Marathon
Kubatecký běh
Winter Gladiator Race
Turuj Brdy - Winter Run
Winter Hei Run
Chebská běžecká zima IV
Běh lesoparkem
Ďáblická míle
Velká cena východních Čech v bězích 2019
Zimní pohár Srchu 4. závod
Bludičkový běh na cyklostezce
Únorový běh Smetanovými sady
Valentýnský běh s OC Šestka
innogy Winter Run Olomouc
Memoriál Františka Ohery
Radíkovská patnáctka
Valentýnský párty běh
Excalibur Race Zimní Mayrau
Běh kolem Úhoště
2019-02-17
2019-02-17
2019-02-17
2019-02-17
2019-02-17
2019-02-17
2019-02-17
2019-02-17
2019-02-17
2019-02-17
2019-02-17
2019-02-17
2019-02-17
2019-02-17
2019-02-17
2019-02-17
2019-02-17
2019-02-17
2019-02-17
2019-02-17
Praha 7
Malé Svatoňovice
Praha 4-Braník
Stříbro
Moravské Budějovice
Stonava
Čerčany
Praha 6
Bezděkov u Chotěboře
Prusinovice
Děčín-Krásný Studenec
Spálené Poříčí
Kuřim
Krnov-Ježník
Kadaň
Olomouc-Nový Svět
Kladno
Zlín
Ludgeřovice
Týn nad Vltavou
Valentýnský běh
Svatoňovické okruhy
Pražská běžecká tour VAŠÍ LIGY (3)
Běh městským parkem „Ganajova stezka“
Maraton Jana Buly
Běh Dolem 9. květen
Běh na Čerčanský chlum
innogy Winter Run Praha
Železnohorák
Rohálovská desítka
Lotharův běh
Běh na Kokšín
Malá cena Zlobice
Ježník Run 3
Běžecký dvojboj
Běh u Žida
Narozeninová pětka
Běh na 2 míle Zlín
Ludgeřovická patnáctka
Večerní Týnský kros
2019-03-02
2019-03-02
2019-03-02
2019-03-02
2019-03-02
2019-03-02
2019-03-02
2019-03-02
2019-03-02
2019-03-02
2019-03-02
2019-03-02
2019-03-02
2019-03-02
2019-03-02
2019-03-02
2019-03-02
2019-03-02
2019-03-02
2019-03-02
Praha 9-Kbely
Plzeň-Bolevec
Ústí nad Labem
Praha 7
Grymov
Brno
Plzeň-Bolevec
Úpice
Zlín
Zlín
Olomouc
Louny
Praha 1
Pečky
Modřice
Mladá Vožice
Olomouc
Mořkov
Tlučná
Těškov
Palestra Kbelská 10
Plzeňská padesátka / Březnový maraton, půlmaraton a běh na 10 km okolo Boleváku
Ústecká VitaSport desítka
Běh na 2 míle Praha
Zubr Grymovská desítka
Luďkův běh
Plzeňská padesátka, březnový maraton, půlmaraton  a běh na 10 km okolo Boleváku
Úpická desítka
Sri Chinmoy 1/2maraton
Sri Chinmoy maraton
Běh na 2 míle Olomouc
Jarní přespolní běh v Lounech - Memoriál Lucie Náprstkové
Štafetový běh Praha - Lány
Pečecká desítka - Memoriál Jardy Kvačka
Modřický pohár
Vožický vytrvalostní běh
Běh Michalským výpadem
Mořkovský zajíc
Leskros Tlučná
Těškovský okruh
2019-03-09
2019-03-09
2019-03-09
2019-03-09
2019-03-09
2019-03-09
2019-03-09
2019-03-09
2019-03-09
2019-03-09
2019-03-09
2019-03-09
2019-03-09
2019-03-09
2019-03-09
2019-03-09
2019-03-09
2019-03-09
2019-03-09
2019-03-09
Vchynice
Prachov
Statenice
Praha 8-Kobylisy
Srch
Děčín
Teplice-Doubravka
Praha 7
Olomouc
Velký Borek
Třebeň
Brno-Nový Lískovec
Kamenný Újezd
Cerhovice
Třebíč
Kunčina u Moravské Třebové
Praha 4-Háje
Praha 9
Ústí nad Labem
Zlín
Běh na Boreč
Žabí běh
Statenice běží
Ďáblická míle
Zimní pohár Srchu 5. závod
Okruh Maxičkami
BĚKODO (Běháme kolem Doubravky)
Hala SABZO
Březnový běh Smetanovými sady
Borecký půlmaraton
Čelovkový běh Třebeň
Běh kolem Myslivny
GP vytrvalců Kamenného Újezda
Josefský běh v Cerhovicích
Běh Na Kopcích
10 jarních kilometrů
Superlife Columbia běh přes ty tydýty
Ottův běh
Ústecká VitaSport patnáctka (a pětka)
Josefský běh
2019-03-16
2019-03-16
2019-03-16
2019-03-16
2019-03-16
2019-03-16
2019-03-16
2019-03-16
2019-03-16
2019-03-16
2019-03-16
2019-03-16
2019-03-16
2019-03-16
2019-03-16
2019-03-16
2019-03-16
2019-03-16
2019-03-16
2019-03-16
Stračov
Sušice
Osek nad Bečvou
Landštejn
Kravaře-Kouty
Pardubice
Zábřeh na Moravě
Čáslav-Vodranty
Šternberk
Adamov
Český Brod
Landštejn
Praha 4
Brno
Praha 4-Braník
Vysoké Mýto
Frýdek-Místek
Dobřichov
Plzeň-Košutka
Jihlava
Okolo Stračova
Memoriál Evy Hrabové
Osecký půlmaraton - Memoriál Miroslava Čmocha
DIOCHI Landštejnský kros
Jarní desítka
Velká Pardubická cross country
Běh za břehem
Běh sady Vodranty
Jarní Kiosk
Běh na Nový hrad
Českobrodská pečeť
Český kros Landštejn
Jarní běh SABZO
Běh Lužánkami
Jarní půlmaraton VAŠÍ LIGY
Vysokomýtský půlmaraton
Běh okolo Olešné
Kros Pičhorou
Norbiho 12 aneb Krkavec je kopec
Axis Noční desítka
2019-03-23
2019-03-23
2019-03-23
2019-03-23
2019-03-23
2019-03-23
2019-03-23
2019-03-23
2019-03-23
2019-03-23
2019-03-23
2019-03-23
2019-03-23
2019-03-23
2019-03-23
2019-03-23
2019-03-23
2019-03-23
2019-03-23
2019-03-23
Dříteč
Opatovice u Hranic
Unhošť
Velké Pavlovice
Borotice
Mladá Boleslav
Doudleby nad Orlicí
Karlovy Vary
Ostrava-Zábřeh
Přerov
Březová u Vítkova
Prostějov-Hloučela
Tachov
Kamenná u Budišova
Domoušice
Klatovy
Záluží u Třemošné
Praha 4
Hněvkov
Teplice-Doubravka
Grand Prix Dříteč
Lesní běh Opatovice
Cross Rösslera-Ořovského
Běh o velkopavlovickou meruňku
Velká cena vinných sklepů Lechovice
Běh Štěpánkou
Narozeninový maraton VD "60"
Jarní bahno - Tři Kříže
Jarní RUNdál
Jarní běh
Carambarun Březová
Velikonoční půlmaraton Prostějovem
Memoriál Josefa Machta
Blátivý kameňák
Okolo Pravdy
Klatovská desítka
Forestova šestka
Krčská 5
Běh Balatonem
BĚKODO (Běháme kolem Doubravky)
2019-03-28
2019-03-28
2019-03-28
2019-03-28
2019-03-28
2019-03-28
2019-03-28
2019-03-28
2019-03-28
2019-03-28
2019-03-28
2019-03-28
2019-03-28
2019-03-28
2019-03-28
2019-03-28
2019-03-28
2019-03-28
2019-03-28
2019-03-28
Plzeň
Brno
Praha 6
Stříbro
Praha 4-Braník
Ostrava-Poruba
Bílina-Kyselka
Unhošť
Průhonice
Hradec Králové
Bujanov
České Budějovice
Milešov
Svitavy
Plzeň
Ústí nad Labem
Dnešice
Karlovy Vary
Kuřim-Podlesí
Náměšť na Hané
Noční běh pro světlušku Plzeň
Běh Čertovou roklí
Jarní běh Europlantu
Běh přes Pepíkovo lávku
Pražská běžecká tour VAŠÍ LIGY (4)
Ostravský noční maraton
Běh Kyselkou
Jarní maratón a půlmaratón v Unhošti
La Sportiva Prague Park Race
Křížová desítka
Bujanovské koláčové běhy
DOPORUČUJEMEČeská pojišťovna RunTour České Budějovice
Výběh na Milešovku
Svitavská desítka
Tempo Makers Run Trail
Ústecký VitaSport půlmaraton
Leskros Dnešice
Jarní bahno - Letní kino
Aprílový maratón Kuřim - Podlesí
Náměšťský kros
2019-03-30
2019-03-30
2019-03-30
2019-03-30
2019-03-30
2019-03-30
2019-03-30
2019-03-30
2019-03-30
2019-03-30
2019-03-30
2019-03-30
2019-03-30
2019-03-30
2019-03-30
2019-03-30
2019-03-30
2019-03-30
2019-03-30
2019-03-30
Mladá Boleslav
Praha 6-Suchdol
Krnov-Ježník
Tisá
Varnsdorf
Třebíč
Hradec Králové
Královské Poříčí
Praha 4
Frýdek-Místek
Pardubice
Šumperk
Ostrava-Hrabová
Stříbro
Česká Třebová
Teplice-Doubravka
Kopřivnice
Plzeň-Radčice
Praha 4
Olomouc
MČR v přespolním běhu dorostenců, dorostenek, starších žáků, starších žákyň, mladších žáků a mladších žákyň
Suchdol běží
Ježník Run 3
RaidLight Hotel Ostrov Labské pískovce půlmaraton
Kdo uteče, vyhraje ...
Běh Lorenzovými sady
Gladiator Race Run Hradec Králové
Jakub Elexmayer Královská desítka
Bankokros
Štandl kros
Kondiční běh na Kuňku
Kros gymnázia
Štafetová míle 1. kolo
Běh do kopce
1. Pekelný kilometr
BĚKODO (Běháme kolem Doubravky)
Běh na Červený kámen
Běh okolo Zámečku, Velká cena G-teamu
Jarní běh Otakara Pachmanna
Běh Výstavištěm Flora Olomouc
2019-04-05
2019-04-05
2019-04-05
2019-04-05
2019-04-05
2019-04-05
2019-04-05
2019-04-05
2019-04-05
2019-04-05
2019-04-05
2019-04-05
2019-04-05
2019-04-05
2019-04-05
2019-04-05
2019-04-05
2019-04-05
2019-04-05
2019-04-05
Mníšek pod Brdy
Praha 1
Zlín
Plzeň
Hořovice
Hranice
Mníšek pod Brdy
Plzeň-Křimice
Dvůr Králové
Jívoví
Praha 7
Mikulčice
Plzeň
Malíkovice 1
Brno
Brno-Obřany
Kout na Šumavě
Bílovec
Karlovy Vary-Čankov
Světlá nad Sázavou
Brdská stezka - Fabiánova stovka
Sportisimo 1/2Maraton Praha
Běh na 2 míle Zlín
MČR v běhu na 100 km, Maraton, Půlmaraton a Běh na 10 km ve Štruncových sadech
Jarní běh Dražovkou
Běh vítězství, Hranická dvacítka a Hranická desítka
Brdská stezka
Křimická osma a dětská dvojka
Safariběh ČSOB
Běh kolem Holého vrchu – Nominal kros půlmaraton
Běh na 2 míle Praha
Velká Morava
Run For Procit
Jarní kros okolo Dračí studánky
Luďkův běh
Obřanský kross
Běh Koutem na Šumavě
Běh J. A. Komenského
Jarní bahno - Čankov
Běh cyklostezkou
2019-04-06
2019-04-06
2019-04-06
2019-04-06
2019-04-06
2019-04-06
2019-04-06
2019-04-06
2019-04-06
2019-04-06
2019-04-06
2019-04-06
2019-04-06
2019-04-06
2019-04-06
2019-04-06
2019-04-06
2019-04-06
2019-04-06
2019-04-06
Praha 1
Ratibořice
Nové Město na Moravě
Pustá Polom
Krásný Dvůr
Jaroměř
Nymburk
Hořice u Blanska
Olomouc
Cvikov
Davle
Plzeň
Praha 5-Hlubočepy
Žilina-Zástranie (SVK
Žilina-Zástranie (SVK
Praha 8-Kobylisy
Praha 7
Praha 8-Ďáblice
Frýdek-Místek
Bludov
Běh záchranných a bezpečnostních složek
DOPORUČUJEMEBěh Babiččiným údolím
Korunou za korunu
Běh údolím říčky Setiny
Jarní běh zámeckým parkem
Jaroměřský kros
Běh lipovou alejí - Nymburská desítka
Hořická osmička
Běh na 2 míle Olomouc
Přespolní běh Cvikováčku
Davle - Nová Březová
Benchmark run 2019
Běh Prokopským údolím
Epic Race - Mountain Fight Sport
Epic Race - Mountain Fight Warrior
Ďáblická míle
Jarní běh Olympu
Běh SABZO v Ďáblickém háji
Trojka na dráze
Bludovský kros
2019-04-10
2019-04-10
2019-04-10
2019-04-10
2019-04-10
2019-04-10
2019-04-10
2019-04-10
2019-04-10
2019-04-10
2019-04-10
2019-04-10
2019-04-10
2019-04-10
2019-04-10
2019-04-10
2019-04-10
2019-04-10
2019-04-10
2019-04-10
Ležáky
Pardubice
Ráby
Hradec Králové
Karviná
Praha 7
Štěchovice
Brno
Olomouc
Únětice
Jihlava
Jablonné v Podještědí
Lanškroun
Nové Město na Moravě
Praha
Plzeň
Praha 2-Vinohrady
Praha 4
Děčín
Brno-Bystrc
Memoriál Josefa Šťulíka
Jarní hodinovka na dráze
Kunětická devítka – středeční pohár v cross-country běhu
Velká cena východních Čech v bězích 2019 - průběžné výsledky po 5 závodech
1. Běh pro zdraví
Noční běh pro světlušku Praha
Běh na Červenou horu
Běh okolo Kraví hory
Dubnový běh Smetanovými sady
Únětice běží
Jarní běh Pávov
Podještědská hodinovka
1. Zemská míle
NoMen Run
Urban Challenge Praha
Krajský půlmaraton Plzeňského kraje
360° Challenge - Praha
Proběhni.se
Děčínský Volkswagen běh
Brněnská přehrada
2019-04-13
2019-04-13
2019-04-13
2019-04-13
2019-04-13
2019-04-13
2019-04-13
2019-04-13
2019-04-13
2019-04-13
2019-04-13
2019-04-13
2019-04-13
2019-04-13
2019-04-13
2019-04-13
2019-04-13
2019-04-13
2019-04-13
2019-04-13
Bílovice nad Svitavou
Kuks
Hrádek nad Nisou
Ostrava
Starý Bydžov
Pardubice
Řevnice
Vrané nad Vltavou
Vyškov
Stříbrná Skalice
Česká Lípa
Nové Strašecí
Praha 13-Stodůlky
Ostrava
Kutná Hora
Pyšely
Zlín-Lesní čtvrť
Pardubice
Dobříš
Bělá nad Radbuzou
Jarní běh
Zkus maraton Kuks
Alisy Běh Trojzemím
DOPORUČUJEMENN Night Run a Avon běh za zdravá prsa Ostrava
Aprílová půlka
Pardubický vinařský půlmaratón / MČR v půlmaratónu
Inov-8 Brdský kros
Vranský lesní běh
Lear Vyškovský benefiční běh
Od nevidim do nevidim
Jarní kros
Novostrašecký běh
Jarní stodůlecký kros
Superlife Columbia razovitý běh
Spartan Sprint Kutná Hora
Pyšelský kopeček
Zlínská lesní hodinovka
Kiekert desítka
Jarní běh pro zdraví
Bělská pětka
2019-04-13
2019-04-13
2019-04-13
2019-04-13
2019-04-13
2019-04-13
2019-04-13
2019-04-13
2019-04-13
2019-04-13
2019-04-13
2019-04-13
2019-04-13
2019-04-13
2019-04-13
2019-04-13
2019-04-13
2019-04-13
2019-04-13
2019-04-13
Choceň
Veřovice
Břeclav
Praha 6-Vokovice
Skalice nad Svitavou
Praha-Dolní Chabry
Praha 4-Libuš
Bolatice
Liberec
Náměšť na Hané
Brno
Žatec
Praha 9-Újezd nad Lesy
Kutná Hora
Lázně Toušeň
Praha 8-Ďáblice
Praha 19-Kbely
Ústí nad Labem-Předlice
Brno-Soběšice
Vratimov
Orlice Cup
Veřovská desítka
Běh kolem Dyje
Šárecký běh
Skalická desítka
Velká cena Gustava Peši
Přespolní běh nad Modřanskou roklí
Bolatická dvacítka
Compressport Ještěd SkyRace®
Náměšťská desítka
CRAFT Brněnský půlmaraton / Brněnská desítka
Žatecký půlmaraton a žatecká desítka
Újezdský duatlon
Spartan Super Kutná Hora
Lázeňský běh
Jarní běh Ďáblickým hájem
Vypusťte Šakala!
Předlický běh
B:TRAIL
Jakubův lesní běh Důlňákem
2019-04-16
2019-04-16
2019-04-16
2019-04-16
2019-04-16
2019-04-16
2019-04-16
2019-04-16
2019-04-16
2019-04-16
2019-04-16
2019-04-16
2019-04-16
2019-04-16
2019-04-16
2019-04-16
2019-04-16
2019-04-16
2019-04-16
2019-04-16
Hradec Králové
Praha 4-Komořany
Loučná nad Desnou
Brno
Jindřichův Hradec
Brno
Děčín
Senohraby
Praha 8
Mrač
Olomouc
Nová Lhota
Jihlava
Petrůvky
Bakov nad Jizerou
Pacov
Stříbro
Česká Třebová
Jiřetín pod Jedlovou
Přerov
Rock Machine Hradecký pohár
Komořany - Čihadlo
Parkový běh
Noční běh pro světlušku Brno
Hodinovka na dráze
Triexpert Cup - dráha
Jarní kros na Kváďáku
Jarní běh U Kanálu
Běh Čimickým hájem
Velikonoční běh Tužinkou
Hanácký půlmaraton - Mistrovství Moravy a Slezska a MČR veteránů
Czech Ultra Trail Tour - Bílé Karpaty
Okolo Trpaslíka v Hybrálci
Petrůvské pelášení
Bakovský půlmaraton
Běh O pohár století
Velikonoční desítka
Běh Javorkou
TP CONSULTING Cena Tolštejnského panství
Běh Přerovským luhem
2019-04-20
2019-04-20
2019-04-20
2019-04-20
2019-04-20
2019-04-20
2019-04-20
2019-04-20
2019-04-20
2019-04-20
2019-04-20
2019-04-20
2019-04-20
2019-04-20
2019-04-20
2019-04-20
2019-04-20
2019-04-20
2019-04-20
2019-04-20
Plzeň
Teplice-Doubravka
Vacenovice
Trhový Štěpánov
Praha 4-Braník
Kletečná u Humpolce
Doksy
Klášterec nad Ohří
Kuřim
Kroměříž
Lanškroun
Polevsko-Jedličná
Golčův Jeníkov
Děčín
Rožmitál pod Třemšínem
Tovačov
Rychnov nad Kněžnou
Františkovy Lázně
Hluboká nad Vltavou
Liberec
Predator Run Plzeň
BĚKODO (Běháme kolem Doubravky)
Běh osvobození Vacenovic
Štěpánovský trhák
2 míle u Mostu Inteligence
Dehtářská 10°
Heller Mácha Lake Cross country run
Běh na Mědník
7 Kuřimských kopečků
Night Trail Run Kroměříž
Gladiator Race Run Lanškroun
Polevský běh
Běh městem Jarmily Kratochvílové
Děčín Run Fest
Rožmitál - Březnice
Velikonoční běh
Jarní půlmaraton
Velikonoční běh
Silniční běh kolem Hluboké
Velikonoční běh v Liberci
2019-04-21
2019-04-21
2019-04-21
2019-04-21
2019-04-21
2019-04-21
2019-04-21
2019-04-21
2019-04-21
2019-04-21
2019-04-21
2019-04-21
2019-04-21
2019-04-21
2019-04-21
2019-04-21
2019-04-21
2019-04-21
2019-04-21
2019-04-21
Petrov u Prahy
Chomutov
Kolín
Chřibská
Havířov
Pozořice
Tábor
Praha 4
Praha 4-Braník
Krásné
Česká Třebová
Teplice-Doubravka
Praha 10-Hostivař
Slatiňany - Hůra
Kopřivnice
Brno
Ráby
Olomouc
Ostrava-Hrabová
Praha 6
Čendův běh v Petrově
Běh Bezručovým údolím
Kolín - Velký Osek - Kolín
Chřibská - Studenec
Velikonoční 12minutovka
Jarní LSD
Velikonoční běh kolem Harrachovky v Táboře
Krčská 10
Pražská běžecká tour VAŠÍ LIGY (5)
Běh na Krásném
2. Pekelný kilometr
BĚKODO (Běháme kolem Doubravky)
Kondiční 12minutovka a závod na 800 m
347. Malá cena Monaka
Běh na rozhlednu Bílá hora
Triexpert Cup - Pisárky
Kunětická devítka – středeční pohár v cross-country běhu
Noční běh pro světlušku Olomouc
Kateřinský běh Hrabovou
Jardův kopec
2019-04-26
2019-04-26
2019-04-26
2019-04-26
2019-04-26
2019-04-26
2019-04-26
2019-04-26
2019-04-26
2019-04-26
2019-04-26
2019-04-26
2019-04-26
2019-04-26
2019-04-26
2019-04-26
2019-04-26
2019-04-26
2019-04-26
2019-04-26
Pelhřimov
Blansko
Žamberk
Cheb
Lednice
Volduchy
Hradec Králové
Polanka nad Odrou
Strančice
Sedmihorky
Ostrava
Brno-Lesná
Pardubice
Praha 8
Svitavy
Sušice
Uherský Brod
Údolí Šembery
Bělkovice-Lašťany
Chotilsko-Prostřední Lhota
Pelhřimovský běh s Poutníkem
Jarní pětka na dráze
Běh na Rozálku
Čelovkový běh Cheb
DOPORUČUJEMEBěhej lesy Lednice
Hannah PilsenTrail Radeč Maraton
DOPORUČUJEMENN Night Run a Avon běh za zdravá prsa Hradec Králové
Polanský charitativní běh
Strančický běh
La Sportiva Hruboskalský půlmaraton
DOPORUČUJEMEMizuno Trail Running Cup 2019 - Trail Ostrava
Jarní běh severem
Charitativní běh pro Rebeku
Běh pro Zoo Praha
Svitavský stýpl
Sušický horský běh
Komenského půlka
POŠUK - Pošemberský ultra kros
Bělkovický kros
Běh na rozhlednu Veselý vrch
2019-04-27
2019-04-27
2019-04-27
2019-04-27
2019-04-27
2019-04-27
2019-04-27
2019-04-27
2019-04-27
2019-04-27
2019-04-27
2019-04-27
2019-04-27
2019-04-27
2019-04-27
2019-04-27
2019-04-27
2019-04-27
2019-04-27
2019-04-27
Brniště
Chotěšov
Semice
Přeštice
Ústí nad Labem
Nové Město pod Smrkem
Šternberk
start z různých míst s cílem v Ústí nad Orlicí
Liberec
Vysoká u Holic
Slatina pod Házmburkem
Litomyšl
Smilovy Hory
Hrádek
Horní Maršov
Nížkov
Nové Město na Moravě
Nové Město na Moravě
Miroslav
Trutnov
Nutrilove Brnišťský půlmaraton
Běh Chotěšovem
Běh Semicemi
Přeštická desítka
DOPORUČUJEMEČeská pojišťovna RunTour Ústí nad Labem
7 pohoří - Jizerské hory
Běh Šternberským parkem
Den cesty
Leskros Na Ještěd
Vysocký krosový půlmaraton
9999m
Lesní běh Černou horou
Polánka kros
Běh Hrádkem
Velká cena Krkonoš + MČR veteránů
Nížkovský běh u koupaliště
Rock Point - Horská výzva Vysočina - long distance
Rock Point - Horská výzva Vysočina - short distance
MirRunCup
NaHoruRun
2019-04-27
2019-04-27
2019-04-27
2019-04-27
2019-04-27
2019-04-27
2019-04-27
2019-04-27
2019-04-27
2019-04-27
2019-04-27
2019-04-27
2019-04-27
2019-04-27
2019-04-27
2019-04-27
2019-04-27
2019-04-27
2019-04-27
2019-04-27
Veltrusy
Nymburk
Jablonec nad Nisou
Raná
Jablonné nad Orlicí
Stochov
Praha 5
Domažlice
Cieszyn (POL
Brno-Žabovřesky
Brno-Nový Lískovec
Kolšov
Jihlava
Plzeň
Praha 4-Hodkovičky
Hradec Králové
Praha 4-Háje
Polička
Pardubice
Děčín
Běh veltruským parkem
Nymburský půlmaraton a čtvrtka
Jablonecký běh "DO POHODY"
Ranská hora
Memoriál Quido Štěpánka
O Krušovický soudek
Běžecký kros Skalka
Běh Škarmanem
Těšínský Fortuna běh
Indiánský běh ve Wilsoňáku
Běh Novým Lískovcem - Memoriál Milana Zoubka
Běh Markovicou
Noční běh pro světlušku Jihlava
Tempo Makers Run Plzeň
Hodkovičský lesokross
Velká cena východních Čech v bězích 2019 - průběžné výsledky po 8 závodech
Skálův lesní běh
Běh kolem poličských hradeb
Pardubická devítka
D-H-D
2019-05-01
2019-05-01
2019-05-01
2019-05-01
2019-05-01
2019-05-01
2019-05-01
2019-05-01
2019-05-01
2019-05-01
2019-05-01
2019-05-01
2019-05-01
2019-05-01
2019-05-01
2019-05-01
2019-05-01
2019-05-01
2019-05-01
2019-05-01
Sudoměřice u Tábora
Teplice
Boskovice
Boskovice
Radvanec u Nového Boru
Louny
Benešov
Plzeň
Železnice
Stříbro
Nýrsko
Sezimovo Ústí
Hradec Králové
Podkozí
Struhařov
Olomouc-Bělidla
Praha 4
Milovice
Veselí nad Lužnicí
Olomouc
Běh Údolím vzdechů
Běh na Doubravku
Boskovické běhy - Běh za sedmizubým hřebenem
Boskovické běhy - Zámecký běh
Běh údolím samoty
Májový běh v Lounech
Karlovský kopcovák, prvomájový běh s Haló novinami
Decathlon run
Železňák - Cidliňák
Běh KERMI
Jarní přespolní běh
Baťův běh
Rock Machine Hradecký pohár
Memoriál Huberta Šuláka
Běh Krásné vyhlídky
Běh okolo Bystřičky
JAK
Night Gladiator Race Milovice
Běh Klobásnou
Barvám Neutečeš - Olomouc
2019-05-04
2019-05-04
2019-05-04
2019-05-04
2019-05-04
2019-05-04
2019-05-04
2019-05-04
2019-05-04
2019-05-04
2019-05-04
2019-05-04
2019-05-04
2019-05-04
2019-05-04
2019-05-04
2019-05-04
2019-05-04
2019-05-04
2019-05-04
Zlín
Letohrad
Znojmo
Horní Bříza
Milovice
Praha 7
Oldřichovice u Třince
Praha 7
Louny
Olšany
Velichovky
Kačice
Šárovcova Lhota
Brno
Kostelec nad Černými lesy
Brno
Praha 1
Krnov-Ježník
Milovice
Olomouc
Běh na 2 míle Zlín
Letohradská pětka
Běh o pohár starosty
Běh pro Petra
Gladiator Race Milovice
dm rodinný běh
Hyundai Perun-SkyMarathon - MČR v SkyMarathonu
Běh na 2 míle Praha
Memoriál Karla Raise
Běh Drahanskou vrchovinou - memoriál Zdeňka Müllera
DOPORUČUJEMELázeňská sedmička
Kačický lesní běh
Memoriál Václava Dobeše, Šárovcova Lhota - Zvičina
Luďkův běh
Černokostelecká 10
Běh Komory daňových poradců
DOPORUČUJEMEVolkswagen Maraton Praha, MČR v maratonu mužů a žen
Krnovský přebor v krosovém běhu
Gladiator Race Milovice
Běh na 2 míle Olomouc
2019-05-05
2019-05-05
2019-05-05
2019-05-05
2019-05-05
2019-05-05
2019-05-05
2019-05-05
2019-05-05
2019-05-05
2019-05-05
2019-05-05
2019-05-05
2019-05-05
2019-05-05
2019-05-05
2019-05-05
2019-05-05
2019-05-05
2019-05-05
Koberovy-osada Besedice
Náměšť na Hané
Chodov
Aš
Vrchlabí
Praha 6
Týn nad Bečvou
Králec
Mikulčice
Praha 4
Lány
Třešť
Praha 5-Anděl
Teplice-Doubravka
Pardubice
Mochtín
Díly
Hrabyně
Prácheň
Černá Hora
Lesní běh Kalichem
Náměšť - Střížov - Náměšť
Chodovská tretra
Lumpův memoriál
Píďův běh Vrchlabí - Strážné
Běh pro miminka do dlaně
Author Šela Cross Run
Na Baštu
Akropolis night cross
Běh Čedoku
Běh vítězství zámeckým parkem Lány
Běh vítězství
DOPORUČUJEMECraft Team Running 2019 - Praha
BĚKODO (Běháme kolem Doubravky)
Běh osvobození - Desítka Hvězdy Pardubice
Mochtínský přespolní běh
Běh osvobození
Běh osvobození Ostravy
Běh Kamenickým Šenovem
Běh Černou Horou
2019-05-08
2019-05-08
2019-05-08
2019-05-08
2019-05-08
2019-05-08
2019-05-08
2019-05-08
2019-05-08
2019-05-08
2019-05-08
2019-05-08
2019-05-08
2019-05-08
2019-05-08
2019-05-08
2019-05-08
2019-05-08
2019-05-08
2019-05-08
Rohatec
Čechtice
Moravská Třebová
Moldava
Skály u Protivína
Šamorín (SVK
Praha 10-Hostivař
Brno-Kohoutovice
Plandry u Jihlavy
Městec Králové
Praha
Praha 9-Újezd nad Lesy
Abertamy - Plešivec
Železná u Berouna
Loštice
Třebíč
Špindlerův Mlýn
Brno
Nový Jičín
Lutín
Rohatecká desítka
Memoriál obětí fašizmu
Dětřichovský memoriál
Český kros Moldava jaro
Skalská pětka
PomléRun
Běh lesoparkem
Běh Holednou
Planderský přespolní běh
Městecká desítka
Barvám Neutečeš - Praha
Běh o pohár starosty aneb Běh za újezdskou sovou
Horský výběh Merklín - Plešivec
Wolfs Race Železná
Ultramaraton Borák
Halahoj Třebíčský půlmaraton
Run Labe Run
DOPORUČUJEMEČeská pojišťovna RunTour Brno
Novojičínský půlmaratón
Běh Mánesovou stezkou
2019-05-11
2019-05-11
2019-05-11
2019-05-11
2019-05-11
2019-05-11
2019-05-11
2019-05-11
2019-05-11
2019-05-11
2019-05-11
2019-05-11
2019-05-11
2019-05-11
2019-05-11
2019-05-11
2019-05-11
2019-05-11
2019-05-11
2019-05-11
Plzeň
Malá Vrbka
Zadov-Churáňov
Zruč nad Sázavou
Mělčany u Dobrušky
Kladno
Máchovo jezero
Máchovo jezero
Máchovo jezero
Praha 6
Praha 10-Záběhlice
Bělá pod Pradědem
Domažlice
Nýřany
Chlebovice
Olomouc
Ostrava
České Budějovice
Pardubice
Monínec
Pivní běh
O Malansků trnku
Vltava Run
Zručský májový běh
Mělčanský kros
Běh Lapákem
Mácháč Run Fest 10 km
Mácháč Run Fest 25 km
Mácháč Run Fest 60 km - MČR veteránů
Pražská relativní desítka
Běh kolem Hamerského rybníka
Holba běh na Šerák
Běh zelenovským údolím
Běh města Nýřany
Jarní Kubánkov
Běh pro Paměť národa
Běh pro Paměť národa
Běh pro Paměť národa
BARTH Run Velká pardubická
Predator RACE Dril Monínec
2019-05-11
2019-05-11
2019-05-11
2019-05-11
2019-05-11
2019-05-11
2019-05-11
2019-05-11
2019-05-11
2019-05-11
2019-05-11
2019-05-11
2019-05-11
2019-05-11
2019-05-11
2019-05-11
2019-05-11
2019-05-11
2019-05-11
2019-05-11
Monínec
Karviná
Praha 5-Radotín
Dobřichovice
Hradec Králové-Lipky
Pardubice
Liberec
Vrchlabí
Katovice
Ústí nad Labem
Praha 6-Vypich
Kojetín
Horní Malá Úpa
Máchovo jezero
Lipová-Lázně
Kuřim-Podlesí
Choceň
Monínec
Jablunkov
Praha 8-Kobylisy
Predator RACE Brutal Monínec
Jäklacká hodinovka
RunX – 12 H
Futurento Dobřichovický kros půlmaraton
Hradubický běh (start Hradec Králové)
Hradubický běh (start Pardubice)
Běh okolo ZOO
Vrchlabský kros
Běh mufloní stezkou
Běh pro Paměť národa
BĚH PRO KUŘE 2019 Praha - ZRUŠENO
Hanácká kojetínská desítka
Trautenberkova třináctka
Mácháč Run Fest - Běh na boso
Běh na Sokolí vrch
Běh kolem Babího lomu
Běh Choceňskými sady
Predator RACE Masakr Monínec
Běh Jablunkovem
Ďáblická míle
2019-05-14
2019-05-14
2019-05-14
2019-05-14
2019-05-14
2019-05-14
2019-05-14
2019-05-14
2019-05-14
2019-05-14
2019-05-14
2019-05-14
2019-05-14
2019-05-14
2019-05-14
2019-05-14
2019-05-14
2019-05-14
2019-05-14
2019-05-14
Horní Lhota
Hradec Králové
Praha 6-Suchdol
Ostrava-Hrabová
Písařov
Děčín
Slatiňany - Hůra
Třebíč
Olomouc
Praha 10
Brno
Ráby
Praha 10
Karviná
Praha 5-Košíře
Stonařov
Olomouc
České Budějovice
Mořina
Karlovy Vary
Hraběnka Cup, Horní Lhota – Petrovice
Rock Machine Hradecký pohár
Běh JSS TF ČZU
Štafetová míle 2. kolo
Jarní kros Písařova
Běh kolem ZOO
348. Malá cena Monaka - Janderovská desítka
Jarní AGRO kilometr
Memoriál Jiřího Hronka
Hostivařský Kruťas
Triexpert Cup - Kociánka
Kunětická devítka – středeční pohár v cross-country běhu
ČSOB Hostivařský běh & Swim-run
2. Běh pro zdraví
Košířský okruh
Stonařovské Aleje
Běh za zdraví FN Olomouc
Barvám Neutečeš - České Budějovice
DOPORUČUJEMEBěhej lesy Karlštejn
Mattoni 1/2Maraton Karlovy Vary
2019-05-18
2019-05-18
2019-05-18
2019-05-18
2019-05-18
2019-05-18
2019-05-18
2019-05-18
2019-05-18
2019-05-18
2019-05-18
2019-05-18
2019-05-18
2019-05-18
2019-05-18
2019-05-18
2019-05-18
2019-05-18
2019-05-18
2019-05-18
Sedlec u Starého Plzence
Český Krumlov
Brno
Milovice
Karlovy Vary
Horka nad Moravou
Kašperské Hory
Hradec Králové
Vratislavice nad Nisou
Přimda
Odranec - Věcov
Žítková
Jistebník
Údavy u Ždírce nad Doubravou
Kamenné Žehrovice
Olešnice
louky mezi Všedobrovicemi a Štiřínem
Rakovník
Rožnov pod Radhoštěm
Třebíč
Běh přes tři vsi
Běh na Kleť
DOPORUČUJEMENN Night Run a Avon běh za zdravá prsa Brno
Milovická míle
dm rodinný běh
Kokina běh
Běh kolem Lišáku
Gladiator Race Challenge
Vratislavický Běhoun
Běh ke zřícenině
60 Vysočinou
miomoveRUN
Jistebnický VH půlmaraton a maraton
Údavská padesátka
Žehrovický Kalspotkros
Memoriál prof. Leopolda Benáčka
MCC Kros Štiřín
Rakovnická 60
Night Trail Run Rožnov pod Radhoštěm
Běh pro Paměť národa
2019-05-18
2019-05-18
2019-05-18
2019-05-18
2019-05-18
2019-05-18
2019-05-18
2019-05-18
2019-05-18
2019-05-18
2019-05-18
2019-05-18
2019-05-18
2019-05-18
2019-05-18
2019-05-18
2019-05-18
2019-05-18
2019-05-18
2019-05-18
Frenštát pod Radhoštěm
Nový Hradec Králové
Plzeň
Praha 6
Brno
Praha 7
Zámeček v Rudolticích u Lanškrouna
Ústí nad Labem-Střekov
Tišnov
Praha 6
Písek
Třanovice
Uherské Hradiště
Holice
Police nad Metují
Chrudim
Hostivice
Kašperské hory
Prostějov-Hloučela
Bohutín
Běh na Velký Javorník
Běh pro Paměť národa
Běh pro Paměť národa
Běh pro Paměť národa
Běh pro Paměť národa
FUN&RUN 2019
Běh do Zámeckého vrchu
Běh do vrchu Střekov – Němčí
Memoriál Jaroslava a Boříka Chromých
Pražský ŠUTR neboli Šárecký Ultra Trail
Písecký kilometr
Třanovická desítka
Běh pro Paměť národa
Okolo Hlubáku
Běh sídlištěm
360° Challenge TOUR - Chrudim
Hostivice RUN
Běh na Kašperk
Hloučela 3.6.9
Brdská 25
2019-05-19
2019-05-19
2019-05-19
2019-05-19
2019-05-19
2019-05-19
2019-05-19
2019-05-19
2019-05-19
2019-05-19
2019-05-19
2019-05-19
2019-05-19
2019-05-19
2019-05-19
2019-05-19
2019-05-19
2019-05-19
2019-05-19
2019-05-19
Skokovy
Peřimov
Brno
Nekoř
Štramberk
Nebílovy u Plzně
Bohutín
Krompach
Jarov u Prahy
Poděbrady
Skalní mlýn
Olomouc-Neředín
Praha
Frýdek-Místek
Teplice-Doubravka
Brno
Praha 15-Petrovice
Praha 4
Praha 6
Kamenice
Inov-8 Kros Českým rájem
Peřimovská desítka
Schody AŽ nahoru
Nekořský kros
Štramberská desítka
Leskros Nebílovskými sady
Brdská 12
Běh okolo Hvozdu
Listonošův krpál
Run For Help
Hraběnka cup, Skalní mlýn - Macocha
Jarní neředínský kros
Trail Modřanskou roklí - 2
Pětka na dráze
BĚKODO (Běháme kolem Doubravky)
Triexpert Cup - Obřany
Běh napříč Petrovicemi
Krčská 12
RunAut 2019 - charitativní běh pro NF AutTalk
Kamenická 15
2019-05-24
2019-05-24
2019-05-24
2019-05-24
2019-05-24
2019-05-24
2019-05-24
2019-05-24
2019-05-24
2019-05-24
2019-05-24
2019-05-24
2019-05-24
2019-05-24
2019-05-24
2019-05-24
2019-05-24
2019-05-24
2019-05-24
2019-05-24
Skalka u Prostějova
Stod
Trojanovice
Sokolov
Ostrava
Valeč u Třebíče
Vír
Liberec
Hradec Králové
Letkov
Praha 7
Čehovice
Litohlavy
Lišany
Chrást u Příbrami
Vidim
Stod
Solanec pod Soláněm
Stod
Jedovnice
Běh ve Skalce
Seal’s RUN Kasiopea
Rock Point - Horská výzva Beskydy - long distance
Bahňák - noční sprint
Spokey Rainbow Run Ostrava
Happy run ... běžíme pro Evičku
Bystřickem kolem Vírské přehrady
DOPORUČUJEMENN Night Run a Avon běh za zdravá prsa Liberec
Hradecký koloběh
Hannah PilsenTrail Letkovská čtyřicítka
6 & 12 h Self-Transcendence Race
Čehovská desetitisícovka
Vršíček třikrát jinak
Lišanská silniční sedmička
Tuháčkův běh
Koko Race
Seal’s RUN Tulení loket
Salomon Valašský Hrb
Seal’s RUN Nový Mlýn
VolšoHEC run
2019-05-25
2019-05-25
2019-05-25
2019-05-25
2019-05-25
2019-05-25
2019-05-25
2019-05-25
2019-05-25
2019-05-25
2019-05-25
2019-05-25
2019-05-25
2019-05-25
2019-05-25
2019-05-25
2019-05-25
2019-05-25
2019-05-25
2019-05-25
Trojanovice
Trojanovice
Mladé Buky
Mladé Buky
Praha 9-Černý Most
Janské Lázně
Plzeň
Ústí nad Labem-Brná
Nové Hamry
Pelhřimov
Jičín
Hlučín
Sokolov
Lhenice
Točník
Hybe (SVK
Brno
Krnov-Ježník
Praha 5-Strahov
Zábřeh na Moravě
Rock Point - Horská výzva Beskydy - half distance
Rock Point - Horská výzva Beskydy - short distance
Excalibur Race Sky Mladé Buky
Excalibur Race Hell Mladé Buky
Večerní svěrácká 10
Janské Lázně - Černá hora
Smejkalovky pomáhají - běžecký miniseriál
Charitativní běh s Plamínkem Naděje
Krušnej seběh
Běh pro úsměv
WEBER City Run Jičín
Hlučínský maratón a půlmaraton
Bahňák
Jarní vyběhnutí se zimou
Běžíme na hrad Točník
Rugged Race Hybe - Water element
BEST 3 CEST
Ježník Run 3
DOPORUČUJEMEMizuno Trail Running Cup 2019 - Trail Praha
Půlmaraton údolím Moravské Sázavy
2019-05-26
2019-05-26
2019-05-26
2019-05-26
2019-05-26
2019-05-26
2019-05-26
2019-05-26
2019-05-26
2019-05-26
2019-05-26
2019-05-26
2019-05-26
2019-05-26
2019-05-26
2019-05-26
2019-05-26
2019-05-26
2019-05-26
2019-05-26
Mariánské Lázně
Jáchymov
Javorník
Doksy
Trutnov
Klenčí pod Čerchovem
Ostrov u Macochy
Hybe (SVK
Čeperka
Ráječko
Plzeň
Hradec Králové
Praha 4-Braník
Šumperk
Teplice-Doubravka
Praha 10-Vršovice
Ráby
Hradec Králové
Praha 6
Opatov
Hamelika třikrát jinak
Běh o 106
Běh Filipovským údolím
Běh okolo Máchova jezera
OlfinCar Trutnovský půlmaraton
Chodsko Grand Prix
Šamalíkova míle
Rugged Race Hybe - Wind element
Čeperský běh
Hraběnka cup, Ráječko Nová - Hraběnka
Tempo Makers Run Plzeň
Rock Machine Hradecký pohár
Pražská běžecká tour VAŠÍ LIGY (6)
Kolem Skalky
BĚKODO (Běháme kolem Doubravky)
Veteránská pětka na dráze
Kunětická devítka – středeční pohár v cross-country běhu
Velká cena východních Čech v bězích 2019 - průběžné výsledky po 15 závodech
Běh Hvězdou - Memoriál Vladimíra Fiřta
Přes tři hráze Opatov
2019-05-31
2019-05-31
2019-05-31
2019-05-31
2019-05-31
2019-05-31
2019-05-31
2019-05-31
2019-05-31
2019-05-31
2019-05-31
2019-05-31
2019-05-31
2019-05-31
2019-05-31
2019-05-31
2019-05-31
2019-05-31
2019-05-31
2019-05-31
Zvole nad Pernštejnem
Dachova u Hořic v Podkrkonoší
Tvarožná Lhota
Praha 1
Milovy
České Budějovice
Ostrava-Moravská Ostrava
Horní Lhota u Ostravy
Horní Lhota u Ostravy
Karlovy Vary
Zlín
Dolní Dobrouč
Plzeň
Chabařovice
Zvole nad Pernštejnem
České Budějovice
Praha 7
Olomouc-Hejčín
Kryry
Plzeň
Gladiator Race Šiklův Mlýn
Dachovský kros
Kompava Beh zdravia Lučina
Malostranský triatlon
DOPORUČUJEMEBěhej lesy Vysočina
Mattoni 1/2Maraton České Budějovice
Český běh žen
Mad Race Hobby
Mad Race Sport
Sokolská jedenáctka
Běh na 2 míle Zlín
Běh dobroučským krajem
DOPORUČUJEMECraft Team Running 2019 - Plzeň
Milada Run
Gladiator Race Šiklův Mlýn
dm rodinný běh
Štafetový běh na 4krát 1 míli
Běh o štěně
Kryry třikrát jinak
Běh na 24 hodin
2019-06-01
2019-06-01
2019-06-01
2019-06-01
2019-06-01
2019-06-01
2019-06-01
2019-06-01
2019-06-01
2019-06-01
2019-06-01
2019-06-01
2019-06-01
2019-06-01
2019-06-01
2019-06-01
2019-06-01
2019-06-01
2019-06-01
2019-06-01
Zdislavice
Perná
Václavy
Hostěnice
Roblín
Brno
Mšeno
Uherské Hradiště
Zlín
Zlín
Jeseník
Doubravice nad Svitavou
Humpolec
Mělník
Frýdek-Místek
Zvole nad Pernštejnem
Šumperk
Olomouc
Plzeň
Mnichovo Hradiště
Běh pro radost
Běh na Děvín
Běh přátel piva
Běh okolo Hostěnic
Roblinský obecní běh
Luďkův běh
Mšenská desítka
Slovácká hodinovka
Festivalový půlmaraton MONET+ Zlín
Festivalový rodinný běh
Jesenická šedesátka
Svitava kros o putovní pohár mikroregionu Svitava
Běh kolem Orlíku
Mělnický běh
Běh mezi náměstími
Gladiator Race Šiklův Mlýn
ŠumpeRUN
Běh na 2 míle Olomouc
Chlum třikrát jinak
Mnichovohradištská pětadvacítka
2019-06-02
2019-06-02
2019-06-02
2019-06-02
2019-06-02
2019-06-02
2019-06-02
2019-06-02
2019-06-02
2019-06-02
2019-06-02
2019-06-02
2019-06-02
2019-06-02
2019-06-02
2019-06-02
2019-06-02
2019-06-02
2019-06-02
2019-06-02
Šaratice
Olomouc
Židlochovice
Praha 5-Hlubočepy
Mieroszów (POL
Olomouc
Praha 10
Pardubice
Ostrava-Hrabová
Kouty nad Desnou
Česká Třebová
Třebíč
Police nad Metují
Brno
Praha 7
Dubice
Blansko
Litoměřice
Broumov
Jirkov
Běh kolem Mohyly míru
Smejkalovky pomáhají - běžecký miniseriál
Běhy na Výhon
Dobývání Dívčích hradů
Mezinárodní běh Měška a Doubravky
Běh Olomouc - Náměšť
Hostivař - Cena Ness Technologies
Kondiční běh na Kuňku
Štafetová míle 3. kolo
Koutecká vertikála
3. Pekelný kilometr
Do kopce u Brabce
Od pípy k pípě
Triexpert Cup - Palackého vrch
Velká holešovická
Dubická krosová desítka
You Dream We Run
Běh pro Hospic sv. Štěpána
Běh Emericha Ratha
Jirkovský crossmarathon
2019-06-08
2019-06-08
2019-06-08
2019-06-08
2019-06-08
2019-06-08
2019-06-08
2019-06-08
2019-06-08
2019-06-08
2019-06-08
2019-06-08
2019-06-08
2019-06-08
2019-06-08
2019-06-08
2019-06-08
2019-06-08
2019-06-08
2019-06-08
Kolín
Dačice
Dolní Morava
Aš
Ostrava
Náměšť na Hané
Praha 6
Jince
Teplice
Neveklov
Praha 6
Lhota
Hrad Houska (66.6 km) / Skelná Huť (33.3 km
Trutnov
Besednice
Hradec nad Moravicí
Železná Ruda
Kroměříž
Dřínov
Velké Meziříčí
8.MFB
Dačická 14
DOPORUČUJEMEMizuno Trail Running Cup 2019 - Králický půlmaraton
Čelovkový běh Aš
DOPORUČUJEMEČeská pojišťovna RunTour Ostrava
Náměšťský čtvrtmaraton
La Sportiva Prague Park Race
Jinecký kros
Doubravský duatlon družstev
Neveklovské běhy
MARY KAY RUN for HELP
Rozkvetlá Kaštanka
Čertovskej ultratrail
ABB Trutnovský půlmaraton
Běh na Kohout a zpět
Kilpi Heroes Race
Jarní běh Železnorudskem - Belvederské okruhy
Vybarvený běh
Dřínovský kros
NKT Půlmaraton 2019
2019-06-08
2019-06-08
2019-06-08
2019-06-08
2019-06-08
2019-06-08
2019-06-08
2019-06-08
2019-06-08
2019-06-08
2019-06-08
2019-06-08
2019-06-08
2019-06-08
2019-06-08
2019-06-08
2019-06-08
2019-06-08
2019-06-08
2019-06-08
Landštejn
Chábory u Dobrušky
Štědrákova Lhota
Stříbro
Zeleneč
Zeleneč
Králíky
Mnichovice
Klenčí pod Čerchovem
Hájek u Karlových Varů
Praha 8-Kobylisy
Hradec Králové
Praha 4
Praha 4
Hradec Králové
Hraběšice
Teplice-Doubravka
Malé Kyšice
Ústí nad Orlicí
Olomouc-Černovír
Běžíme na hrad Landštejn
Přespolní běh areálem zdraví Chábory
Štědrý běh
Běh historickým Stříbrem - Memoriál Petra Bursíka
Eleven půlmaraton Praha - Brandýs
Eleven půlmaraton Praha - Brandýs - doplňkový závod na 10 km
Běh alejí
Mnichovická běhna
Běh na Čerchov
Běh na Jahodník
Ďáblická míle
Rock Machine Hradecký pohár
Běh pro Zuzanku
Otevřený přebor SABZO v přespolním běhu
Velká cena východních Čech v bězích 2019 - průběžné výsledky po 20 závodech
Poběž a uvidíš!
BĚKODO (Běháme kolem Doubravky)
1. horský běh na Kladensku - Běh na Velký vrch
Memoriál Václava Čevony
Černovírská osmička
2019-06-12
2019-06-12
2019-06-12
2019-06-12
2019-06-12
2019-06-12
2019-06-12
2019-06-12
2019-06-12
2019-06-12
2019-06-12
2019-06-12
2019-06-12
2019-06-12
2019-06-12
2019-06-12
2019-06-12
2019-06-12
2019-06-12
2019-06-12
Brno
Ráby
Karviná
Brno
Praha 6-Lysolaje
Zborná u Jihlavy
Holice
Lanškroun
Brno
Olomouc
Pikovice
Dolní Morava
Holice
Olomouc
Liberecká přehrada
Beskydy
Rudolfov
Kunovice
Dolní Čermná
Kounov u Dobrušky
Triexpert Cup - Popůvky
Kunětická devítka – středeční pohár v cross-country běhu
3. Běh pro zdraví
Běh okolo Špilberku
Lysolajský běh
Okolo Rudného
Night Gladiator Race Holice
2. Zemská míle
Urban Challenge Brno
Mattoni 1/2Maraton Olomouc
Inov-8 Kros Sázava
Spartan Sprint Dolní Morava
Gladiator Race Holice
dm rodinný běh
Liberecký půlmaraton
7 pohoří - Beskydy
Rudolfovská 5
Běh o pohár města Kunovice a EPS
Běh přes Červený vrch
Kounovský kros
2019-06-15
2019-06-15
2019-06-15
2019-06-15
2019-06-15
2019-06-15
2019-06-15
2019-06-15
2019-06-15
2019-06-15
2019-06-15
2019-06-15
2019-06-15
2019-06-15
2019-06-15
2019-06-15
2019-06-15
2019-06-15
2019-06-15
2019-06-15
Příbram
Chýně
Tučapy
Praha 6
Aš
Nový Jičín
Postřekov
Ostrava-Zábřeh
Vrchlabí
Kuřimská Nová Ves
Smidary
Vlastibořice
Kravaře
Dolní Morava
Třebíč
Holice
Benešov u Prahy
Úvaly u Prahy
Ústí nad Labem
Žlutice
Příbramský půlmaraton
Chýňská pětka
Tučapská desítka
Běž jak chceš
Kros okolo Hainbergu
SportFest Nový Jičín
Horem dolem Chospilem
Letní RUNdál
Horský dálkový běh na 25 km
Antonínský kros
Běháme pro radost - František Černý
Okolo Vlasti 2019
Běh zámeckým parkem
Spartan Super Dolní Morava
Běh neutronů
Gladiator Race Holice
Konopišťská desítka
Trail Run Úvaly
Střížovická míle
Žlutický čtvrtmaraton
2019-06-16
2019-06-16
2019-06-16
2019-06-16
2019-06-16
2019-06-16
2019-06-16
2019-06-16
2019-06-16
2019-06-16
2019-06-16
2019-06-16
2019-06-16
2019-06-16
2019-06-16
2019-06-16
2019-06-16
2019-06-16
2019-06-16
2019-06-16
Beroun
Pardubice
Moravské Budějovice
Bratrušov
Ostrov u Karlových Varů
Lhota nad Moravou
České Budějovice
Krnov
Děčín
Olomouc-Neředín
Jihlava
Karviná
Hlinsko
Brozany nad Ohří
Holubov
Praha 9-Satalice
Kamenice
Rožnov pod Radhoštěm
Praha 6
Valašské Klobouky
Ivčin kopeček
Dubinský kros
T-Mobile Olympijský běh
Bratrušovské vrchy
T-Mobile Olympijský běh
T-Mobile Olympijský běh
T-Mobile Olympijský běh
T-Mobile Olympijský běh
T-Mobile Olympijský běh
T-Mobile Olympijský běh
T-Mobile Olympijský běh
T-Mobile Olympijský běh
T-Mobile Olympijský běh
T-Mobile Olympijský běh
T-Mobile Olympijský běh alias běh bez hodinek
T-Mobile Olympijský běh
T-Mobile Olympijský běh
T-Mobile Olympijský běh
T-Mobile Olympijský běh
T-Mobile Olympijský běh
2019-06-19
2019-06-19
2019-06-19
2019-06-19
2019-06-19
2019-06-19
2019-06-19
2019-06-19
2019-06-19
2019-06-19
2019-06-19
2019-06-19
2019-06-19
2019-06-19
2019-06-19
2019-06-19
2019-06-19
2019-06-19
2019-06-19
2019-06-19
Velké Bílovice
Vnorovy
Hodonín
Stříbro
Ivančice
Nový Jičín
Vimperk
Ostrava
Mníšek pod Brdy
Bedřichov v Jizerských horách
Klášterec nad Orlicí
Roudnice nad Labem
Praha 1
Háj ve Slezsku
Budyně nad Ohří
Mladá Boleslav
Most
Opava-Suché Lazce
Nové Strašecí
Tuhaň
T-Mobile Olympijský běh
T-Mobile Olympijský běh
T-Mobile Olympijský běh
T-Mobile Olympijský běh
T-Mobile Olympijský běh
T-Mobile Olympijský běh
T-Mobile Olympijský běh
T-Mobile Olympijský běh
T-Mobile Olympijský běh
T-Mobile Olympijský běh
T-Mobile Olympijský běh
T-Mobile Olympijský běh
T-Mobile Olympijský běh
T-Mobile Olympijský běh
T-Mobile Olympijský běh
T-Mobile Olympijský běh
T-Mobile Olympijský běh
T-Mobile Olympijský běh
T-Mobile Olympijský běh
T-Mobile Olympijský běh
2019-06-19
2019-06-19
2019-06-19
2019-06-19
2019-06-19
2019-06-19
2019-06-19
2019-06-19
2019-06-19
2019-06-19
2019-06-19
2019-06-19
2019-06-19
2019-06-19
2019-06-19
2019-06-19
2019-06-19
2019-06-19
2019-06-19
2019-06-19
Heršpice
Holešov
Červená Lhota
Soběslav
Ostrava-Hošťálkovice
Tetín
Vratislavice nad Nisou
Horní Jelení
Příbram
Lelekovice
Kadaň
Praha 6-Břevnov
Touškov
Liberec
Zásada
České Budějovice
Hradec Králové
Louny
Hlincová Hora
Ústí nad Orlicí
T-Mobile Olympijský běh
T-Mobile Olympijský běh
T-Mobile Olympijský běh
T-Mobile Olympijský běh
T-Mobile Olympijský běh
T-Mobile Olympijský běh
T-Mobile Olympijský běh
T-Mobile Olympijský běh
T-Mobile Olympijský běh
T-Mobile Olympijský běh
T-Mobile Olympijský běh
T-Mobile Olympijský běh
T-Mobile Olympijský běh
T-Mobile Olympijský běh
T-Mobile Olympijský běh
T-Mobile Olympijský běh
T-Mobile Olympijský běh
T-Mobile Olympijský běh
T-Mobile Olympijský běh
T-Mobile Olympijský běh
2019-06-19
2019-06-19
2019-06-19
2019-06-19
2019-06-19
2019-06-19
2019-06-19
2019-06-19
2019-06-19
2019-06-19
2019-06-19
2019-06-19
2019-06-19
2019-06-19
2019-06-19
2019-06-19
2019-06-19
2019-06-19
2019-06-19
2019-06-19
Nový Šaldorf
Havířov
Praha 7
Ostrava-Poruba
Brno-jih
Teplice-Doubravka
Zlín
Bakov nad Jizerou
Karlovy Vary
Brno
Praha 5-Radotín
Kostelec nad Orlicí
Ústí nad Labem
Kunice
Mělník
Lipno nad Vltavou
Cheb
Lomnice nad Popelkou
Vyšehořovice
Tábor
T-Mobile Olympijský běh
T-Mobile Olympijský běh
Zlatý T-Mobile Olympijský běh - Praha
Zlatý T-Mobile Olympijský běh - Ostrava
Zlatý T-Mobile Olympijský běh - Brno
BĚKODO (Běháme kolem Doubravky)
T-Mobile Olympijský běh
T-Mobile Olympijský běh
T-Mobile Olympijský běh
Triexpert Cup - dráha
T-Mobile Olympijský běh
T-Mobile Olympijský běh
T-Mobile Olympijský běh
T-Mobile Olympijský běh
T-Mobile Olympijský běh
T-Mobile Olympijský běh
T-Mobile Olympijský běh
T-Mobile Olympijský běh
T-Mobile Olympijský běh
T-Mobile Olympijský běh
2019-06-19
2019-06-19
2019-06-19
2019-06-19
2019-06-19
2019-06-19
2019-06-19
2019-06-19
2019-06-19
2019-06-19
2019-06-19
2019-06-19
2019-06-19
2019-06-19
2019-06-19
2019-06-19
2019-06-19
2019-06-19
2019-06-19
2019-06-19
Hluboké Mašůvky
Velké Přílepy
Račice
Milíře
Albrechtice nad Vltavou
Špindlerův Mlýn
Kladská
Jindřichův Hradec
Nová Paka
Děčín
Opava
Lhota nad Moravou
Chaloupky u Komárova
Ústí nad Labem
Moravský Písek
Veliš
Sokolov
Sokolov
Chudenice
Prachovice
T-Mobile Olympijský běh
T-Mobile Olympijský běh
T-Mobile Olympijský běh
T-Mobile Olympijský běh
T-Mobile Olympijský běh
Pouťový běh do vrchu
DOPORUČUJEMEBěhej lesy Slavkovský les
Jindřichohradecký půlmaraton
Sun Run Cross
Děčínská míle
Breda City Trail Opava
Běh Jana Opletala
Chaloupecký kros
VitaSport desítka na Větruši
Běh Moravským Pískem
Velíšskej přespolňák
Sokolovský 1/4 maraton
Barevný běh
Krosový běh Chudenickým Žďárem
Charitativní běh pro Terezku
2019-06-22
2019-06-22
2019-06-22
2019-06-22
2019-06-22
2019-06-22
2019-06-22
2019-06-22
2019-06-22
2019-06-22
2019-06-22
2019-06-22
2019-06-22
2019-06-22
2019-06-22
2019-06-22
2019-06-22
2019-06-22
2019-06-22
2019-06-22
Mladkov
Kolesa u Kladrub nad Labem
Okříšky
Hradec Králové
Česká Třebová
Litice
Písek
Praha 4-Pankrác
Praha 7
Plzeň
Hradec Králové
Praha 4-Braník
Praha 7
Třinec
Brno
Ráby
Praha 4
Praha 7
Kuřim
Boží Dar
Běh do vrchu Mladkov - Suchý vrch, Memoriál Dobroslava Marečka
Letní běh Kolesa
Okolo rybníků Okříšky
Hradecký kros
Běh na Kozlovský kopec
Lutic run
Běh Tolerance a Memoriál Luboše Kučery
(nejen) Běháme pro děti
O2 Pražská štafeta
Tempo Makers Run Plzeň
Rock Machine Hradecký pohár
Pražská běžecká tour VAŠÍ LIGY (7)
O2 Pražská štafeta
Desítka na dráze
Triexpert Cup - Pisárky
Velká cena Kunětické devítky
Stezka mužů
O2 Pražská štafeta
Memoriál MUDr. Vališe
Rock Point - Horská výzva Krušné hory - long distance
2019-06-29
2019-06-29
2019-06-29
2019-06-29
2019-06-29
2019-06-29
2019-06-29
2019-06-29
2019-06-29
2019-06-29
2019-06-29
2019-06-29
2019-06-29
2019-06-29
2019-06-29
2019-06-29
2019-06-29
2019-06-29
2019-06-29
2019-06-29
Odry
Pardubice
Nemojany
Černín u Zdic
Boží Dar
Boží Dar
Žampach u Žamberka
Přerov
Hodkovice nad Mohelkou
Lužany
Uherské Hradiště
Uherské Hradiště
Uherské Hradiště
Nová Ves I u Kolína
Sloup v Moravském krasu
Krnov-Ježník
Nové Veselí
Liberec
Letohrad
Lomnice u Tišnova
Oderská pětadvacítka
Pardubická pětka na dráze
Lulečská šestka
Běh okolo Vraní skály
Rock Point - Horská výzva Krušné hory - half distance
Rock Point - Horská výzva Krušné hory - short distance
Kros okolo Žampachu a přes Kozince
Geroy
Horský běh Hodkovice nad Mohelkou - Ještěd
Běh lužanskými hvozdy
DECATHLON Žhavá „21“
DECATHLON Žhavá „5“
DECATHLON Žhavá „10“
Krajem bitvy u Kolína
Sloupský lesní běh
Ježník Run 3
Půlmaratón okolo Nového Veselí
DOPORUČUJEMEMizuno Trail Running Cup 2019 - Ještědský půlmaraton
Letohradský triatlon
MUM - Moravský Ultramaraton / Lomnická etapa
2019-06-30
2019-06-30
2019-06-30
2019-06-30
2019-06-30
2019-06-30
2019-06-30
2019-06-30
2019-06-30
2019-06-30
2019-06-30
2019-06-30
2019-06-30
2019-06-30
2019-06-30
2019-06-30
2019-06-30
2019-06-30
2019-06-30
2019-06-30
Přerov
Ústí nad Labem
Náměšť na Hané
Boskovice
Hradec Králové
Blansko
Praha 6
Česká Třebová
Tišnov
Brno
Praha 4
Olešnice
Moravský Beroun
Kunžak
Bystřice nad Pernštejnem
Zlín
Praha 7
Lomnice u Tišnova
Nová Lhota
Třtice
Geroy gaučink - zrušeno
Kros u Erbenovy vyhlídky
Náměšťské štafety dvojic
MUM - Moravský Ultramaraton / Boskovická etapa
Velká cena východních Čech v bězích 2019 - průběžné výsledky po 24 závodech
MUM - Moravský Ultramaraton / Blanenská etapa
Lachtan
4. Pekelný kilometr
MUM - Moravský Ultramaraton / Tišnovská etapa
Triexpert Cup - Obřany
Hodkovičská 7
MUM - Moravský Ultramaraton / Olešnická etapa
Běh pod Slunečnou
Český kros Kunžak
MUM - Moravský Ultramaraton / Bystřická etapa
Běh na 2 míle Zlín
Běh na 2 míle Praha
MUM - Moravský Ultramaraton / Cimrmanova etapa
Novolhotská pětka
Třtická punčocha
2019-07-06
2019-07-06
2019-07-06
2019-07-06
2019-07-06
2019-07-06
2019-07-06
2019-07-06
2019-07-06
2019-07-06
2019-07-06
2019-07-06
2019-07-06
2019-07-06
2019-07-06
2019-07-06
2019-07-06
2019-07-06
2019-07-06
2019-07-06
Luleč
Brno
Karviná-Fryštát
Týniště nad Orlicí
Lochovice
Olomouc
Prostějov
Myjava (SVK
Hradec Králové
Praha 6
Brno
Karviná
Brno-Žabovřesky
Olomouc
Kounice u Českého Brodu
Police nad Metují
Hvězdonice
Blansko
Liberec
Nemojany
Lulečský preclík
Luďkův běh
Městský běh Karvinou
Běh týnišťskými pralesy
Lochovice - Plešivec
Běh na 2 míle Olomouc
Repechy 22K RUN
Rugged Race Myjava - Earth element
Rock Machine Hradecký pohár
Dvě kola při zdi
Triexpert Cup - Myslivna
4. Běh pro zdraví
Běh Rosničkou
Hudební pětka na dráze
Memoriál Petra Šimka
Běh na Hvězdu
Hvězdonice - Ondřejov
Desítka Moravským krasem
DOPORUČUJEMEČeská pojišťovna RunTour Liberec
Nemojská devítka
2019-07-13
2019-07-13
2019-07-13
2019-07-13
2019-07-13
2019-07-13
2019-07-13
2019-07-13
2019-07-13
2019-07-13
2019-07-13
2019-07-13
2019-07-13
2019-07-13
2019-07-13
2019-07-13
2019-07-13
2019-07-13
2019-07-13
2019-07-13
Orlické hory
Mariánské Lázně
Podkozí
Kokořín
Sezimovo Ústí
Lomnice
Lomnice
Stráž
Červená Voda
Tuchlovice
Brno
Nový Jičín
Neplachov
Železná Ruda
Skořice
Praha 10-Vršovice
Vyškov
Železná Ruda
Železná Ruda
Perštejn
7 pohoří - Orlické hory
SpaRun Mariánské Lázně
Libečovská 14
Kokořínský triatlon
Sezi Run
TMMTR - TransMoravský Masochistický Terénní Běh
MiniTMMTR - TransMoravský Masochistický Terénní Běh
Strážský běh
Jeřáb 1003
Halda
Triexpert Cup - Palackého vrch
Aktivity race
Běh o Neplachovský Hrneček
Rock Point - Horská výzva Šumava - long distance
DOPORUČUJEMEBěhej lesy Brdy
Zlatá desítka Emila Zátopka
Běh kolem Vyškova - Vyškovská 12
Rock Point - Horská výzva Šumava - half distance
Rock Point - Horská výzva Šumava - short distance
Horský běh Perštejn - Klínovec
2019-07-20
2019-07-20
2019-07-20
2019-07-20
2019-07-20
2019-07-20
2019-07-20
2019-07-20
2019-07-20
2019-07-20
2019-07-20
2019-07-20
2019-07-20
2019-07-20
2019-07-20
2019-07-20
2019-07-20
2019-07-20
2019-07-20
2019-07-20
Rusava
Rokytnice nad Jizerou
Paseka
Vysoké nad Jizerou - Sklenařice
Praha 5-Velká Chuchle
Praha 10-Vršovice
Brno
Ráby
Kladno
Dolany u Klatov
Bradlec u Mladé Boleslavi
Praha 7
Kuks
Kladno
Krásná-Nižní Mohelnice
Brdy
Zemné (SVK
Zemné (SVK
Okrouhlá u Boskovic
Dolní Lomná
Night Trail Run Rusava
Rokytnice nad Jizerou - Dvoračky
Koblížkový pasecký běh
Šachty - Štěpánka
Běh za Sliveneckou saní
Zlatá pětka Emila Zátopka
Triexpert Cup - Líšeň
Kunětická devítka – středeční pohár v cross-country běhu
24 & 48 h Self-Transcendence Race - 48 h
Dolanský přespolní běh přes Vorlíky - Memoriál Rostislava Votýpky
Pojizerský kros
Zlatý maraton Emila Zátopka
Zkus noční Kuks
24 & 48 h Self-Transcendence Race - 24 h
Běh na Lysou horu a Mistrovství Moravy a Slezska v běhu do vrchu
Rugged Race Brdy - Water element
Epic Race - Night Vision Warrior
Epic Race - Night Vision Sport
Běh kolem sněhuláka
Běh na Kozubovou
2019-07-28
2019-07-28
2019-07-28
2019-07-28
2019-07-28
2019-07-28
2019-07-28
2019-07-28
2019-07-28
2019-07-28
2019-07-28
2019-07-28
2019-07-28
2019-07-28
2019-07-28
2019-07-28
2019-07-28
2019-07-28
2019-07-28
2019-07-28
Horní Krupka 120
Praha 5-Radotín
Brdy
Hradec Králové
Plzeň
Praha 4-Braník
Brno
Zlín
Sloup v Čechách
Stožec na Šumavě
Špindlerův Mlýn
Vranov u Brna
Vranov u Brna
Mšec
Praha 7
Kouty nad Desnou 
Velká nad Veličkou
Rataje nad Sázavou
Brno
Heřmanice u Králík
VitaSport desítka na Komárku
RunX – 15 K
Rugged Race Brdy - Fire element
Rock Machine Hradecký pohár
Tempo Makers Run Plzeň
Pražská běžecká tour VAŠÍ LIGY (8)
Triexpert Cup - Popůvky
Běh na 2 míle Zlín
10 lužických sedmistovek, 1. etapa
Zlatá stezka
DOPORUČUJEMEMizuno Trail Running Cup 2019 - Krkonošská padesátka
Excalibur Race Sky Vranov u Brna
Excalibur Race Hell Vranov u Brna
Mšecká sedmička
Běh na 2 míle Praha
7 pohoří - Jeseníky
Horňácká pětadvacítka
Běh na kamenný stůl
Luďkův běh
Králický Sněžník - potichu
2019-08-03
2019-08-03
2019-08-03
2019-08-03
2019-08-03
2019-08-03
2019-08-03
2019-08-03
2019-08-03
2019-08-03
2019-08-03
2019-08-03
2019-08-03
2019-08-03
2019-08-03
2019-08-03
2019-08-03
2019-08-03
2019-08-03
2019-08-03
Prostějov
Zhořec u Manětína
Planá nad Lužnicí
Krňovice
Tábor
Sloup v Čechách
Sloup v Čechách
Moravské Budějovice
Olomouc
Kladno-Rozdělov
Brno
Praha 4
Karviná
Svinná u České Třebové
Červenohorské sedlo
Bílá
Janovičky u Broumova
Most
Boršov nad Vltavou
Červenohorské sedlo
6h Run Free
Zhořecká sedmička
Lesní běh v Plané nad Lužnicí
Sahara race
Charitativní noční běh | Tábor Triathlon Festival
10 lužických sedmistovek, 2. etapa
Lužický kros
Běh Václava Drboly
Běh na 2 míle Olomouc
Rozdělovský čtvrtmaratón
Triexpert Cup - Myslivna
Rasokros
5. Běh pro zdraví
Svinnský ISCAREX kros
Rock Point - Horská výzva Jeseníky - long distance
DOPORUČUJEMEBěhej lesy Bílá
Běh Javořími Horami
DOPORUČUJEMENN Night Run a Avon běh za zdravá prsa Most
Reuter Run Boršov nad Vltavou
Rock Point - Horská výzva Jeseníky - half distance
2019-08-10
2019-08-10
2019-08-10
2019-08-10
2019-08-10
2019-08-10
2019-08-10
2019-08-10
2019-08-10
2019-08-10
2019-08-10
2019-08-10
2019-08-10
2019-08-10
2019-08-10
2019-08-10
2019-08-10
2019-08-10
2019-08-10
2019-08-10
Červenohorské sedlo
Vnorovy
Kutná Hora
Bezno
Štěchovice
Rajnochovice
Vendryně
Kytlice
Kokava Línia (SVK
Kokava Línia (SVK
Stará Boleslav
Podbřezí
Prachov
Žebrák
Pardubice
Praha 4
Brno
Brno
Praha 9
Mníšek pod Brdy
Rock Point - Horská výzva Jeseníky - short distance
Vnorovská desítka
Dačického 12
Bezděz Run
Okolo Štěchovického pokladu
Inov-8 Hostýnská osma
MajDay závod
Kytlický minitriatlon
Epic Race - Legion Weight Sport
Epic Race - Legion Weight Warrior
DOPORUČUJEMEZátopkova 10
Běh údolím řeky Bělé
Maraton Českým rájem
Žebrácká pětadvacítka
Gladiator Race Run Pardubice
Krčský kros
Triexpert Cup - Palackého vrch
Běh okolo Olympie
Běh Smetánkou
Mníšecký Wolfs Race
2019-08-17
2019-08-17
2019-08-17
2019-08-17
2019-08-17
2019-08-17
2019-08-17
2019-08-17
2019-08-17
2019-08-17
2019-08-17
2019-08-17
2019-08-17
2019-08-17
2019-08-17
2019-08-17
2019-08-17
2019-08-17
2019-08-17
2019-08-17
Lipno nad Vltavou
Klamoš u Chlumce nad Cidlinou
Červenohorské sedlo
Ramzová
Pardubice
Veltruby
Mniší-Hukvaldy
Stadlern (GER
Plzeň
Kostelec u Křížků
Sušice
Černovír u Ústí nad Orlicí
Malá Skála
Ústí nad Labem
Karlovy Vary-Tuhnický les
Hradec Králové
Praha
Brno
Ráby
Praha 4
DOPORUČUJEMEMizuno Trail Running Cup 2019 - Lipenský půlmaraton
Klamošský lesní kros
Jesenický půlmaraton
Jesenický maraton
Barvám Neutečeš - Pardubice
Veltrubská desítka
Běh oborou
Panevropský půlmaraton
Letní Párty běh
171 RUN CUP
Běh podél Otavy - Memoriál Ing. Adolfa Donáta
Černovírský kros
Tyršův běh na Sokol
Běh pro Střížák
Dvořákovy okruhy a Memoriál Zdeňka Birky
Rock Machine Hradecký pohár
Trail Modřanskou roklí - 3
Triexpert Cup - dráha
Kunětická devítka – středeční pohár v cross-country běhu
Krčský lomcovák
2019-08-22
2019-08-22
2019-08-22
2019-08-22
2019-08-22
2019-08-22
2019-08-22
2019-08-22
2019-08-22
2019-08-22
2019-08-22
2019-08-22
2019-08-22
2019-08-22
2019-08-22
2019-08-22
2019-08-22
2019-08-22
2019-08-22
2019-08-22
Stříbro
Harrachov
Ostrava
Vír
Olomouc
Bohuňovice
Odry
Lipno nad Vltavou
Bystřice pod Hostýnem
Chodov u Sokolova
Bezděkov pod Třemšínem
Praha 10
Hlučín
Harrachov
Frenštát pod Radhoštěm
Teplice nad Metují
Grygov
Lobkovice
Slopné
Rakovník 
Stříbrská hodinovka
Mistrovství České republiky v OCR - 3K
Urban Challenge Ostrava
Malý svratecký maraton
DOPORUČUJEMEČeská pojišťovna RunTour Olomouc
Běžecký mítink Bohuňovice
Hei Run
DOPORUČUJEMECraft Team Running 2019 - Lipno
Běh na Svatý Hostýn
Chodovská vlečka
Běh krajem J. J. Ryby
Smejkalovky pomáhají - běžecký miniseriál
Noční běh
Mistrovství České republiky v OCR - 15K
Vertikální horečky
DOPORUČUJEMEBěh Teplickými skalami
Podlesácká desítka
Memoriál Jana Fryce
Slopenská desítka
Rakovnická 15
2019-08-25
2019-08-25
2019-08-25
2019-08-25
2019-08-25
2019-08-25
2019-08-25
2019-08-25
2019-08-25
2019-08-25
2019-08-25
2019-08-25
2019-08-25
2019-08-25
2019-08-25
2019-08-25
2019-08-25
2019-08-25
2019-08-25
2019-08-25
Mšeno
Teplice
Harrachov
Praha 4
Plzeň
Praha 5
Praha 4-Braník
Česká Třebová
Teplice-Doubravka
Brno
Děčín-Jalůvčí
Praha 4-Modřany
Kněžice
Ostrava
Třinec
Lanškroun
Palkovice
Bedřichov v Jizerských horách
Krásná Lípa
Chodov u Domažlic
Kokořínské roklinky
Český kros OC Galerie Teplice Teplický půlmaraton
Mistrovství České republiky v OCR - štafety
O pohár Restaurace ABC
Tempo Makers Run Plzeň
Žvahov - Dívčí hrady - Ivův běh
Pražská běžecká tour VAŠÍ LIGY (9)
5. Pekelný kilometr
BĚKODO (Běháme kolem Doubravky)
Triexpert Cup - Obřany
Běh u Červeného vrchu
Běh Modřanskou roklí
Alejemi v Kněžicích
Běh Zoo Ostrava pro gibony
Renault-Continental Beskydská sedmička
3. Zemská míle
Palkovice-Kubánkov, Memoriál Antonína Řezníčka
DOPORUČUJEMEBěhej lesy Jizerská
Cross Parkmaraton
Podčerchovský kros
2019-08-31
2019-08-31
2019-08-31
2019-08-31
2019-08-31
2019-08-31
2019-08-31
2019-08-31
2019-08-31
2019-08-31
2019-08-31
2019-08-31
2019-08-31
2019-08-31
2019-08-31
2019-08-31
2019-08-31
2019-08-31
2019-08-31
2019-08-31
Vísky u Letovic
Jaroměř
Jaroměř
Praha 6-Vypich
Výprachtice
Olomouc
Plzeň
Benecko 
Lipov
Chomutov
Vrané nad Vltavou
Police nad Metují
Děčín 2
Jaroměř
Sázava u Lanškrouna
Karlštejn
Olomouc
Kolín
Cheb
Hradec Králové
Vísecká desítka
Night Gladiator Race Josefov
Gladiator Race Josefov
DOPORUČUJEMEČEPS Neon Run pro Kapku naděje
Výprachtice - Buková hora
Běh kolem Moravy
Běh Plzeňské teplárenské kolem Boleveckých rybníků
7 pohoří - Krkonoše
Lipovská desítka
Chomutovský půlmaraton
Běh hostince Pod Radnicí
Běh Broumovskými stěnami
Běh na Lahti
Gladiator Race Josefov
Sázava - Lázek
Karlštejnská devítka
Běh na 2 míle Olomouc
Kolínská desítka
Valdštejnova desítka
Velká cena východních Čech v bězích 2019 - průběžné výsledky po 29 závodech
2019-09-03
2019-09-03
2019-09-03
2019-09-03
2019-09-03
2019-09-03
2019-09-03
2019-09-03
2019-09-03
2019-09-03
2019-09-03
2019-09-03
2019-09-03
2019-09-03
2019-09-03
2019-09-03
2019-09-03
2019-09-03
2019-09-03
2019-09-03
Ráječko
Hradec Králové
Praha 4
Praha 3
Opava
Pardubice
Šumperk
Teplice-Doubravka
Olomouc
Praha 10-Vršovice
Brno
Nová Včelnice
Stříbro
Praha 4
Řásná
Praha 1
Praha 1
Zlín
Abertamy-srub
Dolní Dobrouč
Hraběnka cup, Ráječko Nová - Hraběnka
Rock Machine Hradecký pohár
Běh Anny-Marie
Vítkovská 10
Opavská míle
Kondiční běh na Kuňku
Běh na Senovou
BĚKODO (Běháme kolem Doubravky)
S kopečka do kopečka
Tartanová hodinovka Ligy 100 Praha
Triexpert Cup - Myslivna
Večerní běh Novou Včelnicí - Memoriál Josefa Jelínka
Okresní přebor na dráze
Kros Otakara Pachmanna
Přespolní běh v Řásné
Birell Grand Prix Praha
Birell Grand Prix Praha - týmový běh
Běh na 2 míle Zlín
Abertamský kros
Strážný nahoru a dolů
2019-09-07
2019-09-07
2019-09-07
2019-09-07
2019-09-07
2019-09-07
2019-09-07
2019-09-07
2019-09-07
2019-09-07
2019-09-07
2019-09-07
2019-09-07
2019-09-07
2019-09-07
2019-09-07
2019-09-07
2019-09-07
2019-09-07
2019-09-07
Třeboň
Drahanovice
Plasy
Plasy
Plasy
Plasy
Janovice nad Úhlavou
Špindlerův Mlýn
Praha 1
Praha 7
Lupenice
Lupenice
Praha-Dolní Počernice
Ostrava-Hrabová
Žďár nad Sázavou
Klatovy
Janské Lázně
Janské Lázně
Lhota u Příbramě
Brno
Běh kolem Světa
Kosiřské žiganec
Barokomaraton
Baroko půlmaraton
Baroko ultra
Baroko 10 km
Běh Janovice-Klenová
Běh k Mohyle Hanče a Vrbaty
Adidas Běh pro ženy
Běh na 2 míle Praha
Lupenický půlmaraton
Lupenická dvanáctka
Běh Babího léta
Hrabovský půlmaraton
2. Mistrovství světa v Nordic Running
Běh klatovskou kolonádou
Černá hora SkyRace
Černá hora SkyRun
Běh Kovohutěmi
Luďkův běh
2019-09-07
2019-09-07
2019-09-07
2019-09-07
2019-09-07
2019-09-07
2019-09-07
2019-09-07
2019-09-07
2019-09-07
2019-09-07
2019-09-07
2019-09-07
2019-09-07
2019-09-07
2019-09-07
2019-09-07
2019-09-07
2019-09-07
2019-09-07
Kuřim-Podlesí
Vyškov
Lysá nad Labem
Praha 5-Zbraslav
Hoštka
Nepolisy
Mladá Boleslav
Plzeň-Roudná
Sázava
Jablonné nad Orlicí
Zlín
Cvikov
Železná Ruda
Raškovice
Beroun
Meziměstí
Praha 8-Kobylisy
Ráječko
Šumperk
Třebíč-Borovina
Kuřimská hora
Night Trail Run Vyškov
Běh zámeckou zahradou
Zbraslavská Závist
Běh Hoštkou
Nepoliská pětka
Běh městem Mladá Boleslav
Plzeňský kardioběh
Posázavský 1/2 maraton
Horský běh do vrchu Jablonné nad Orlicí - Suchý vrch
DOPORUČUJEMECraft Team Running 2019 - Zlín
Běh Cvikovem
Podzimní běh Železnorudskem - Debrnické okruhy
Raškovický čtvrtmaratón
MH maraton
Silniční běh Meziměstím
Ďáblická míle
Hraběnka cup, Skalní mlýn - Macocha
Okolo Lováku
Běh energetiků
2019-09-11
2019-09-11
2019-09-11
2019-09-11
2019-09-11
2019-09-11
2019-09-11
2019-09-11
2019-09-11
2019-09-11
2019-09-11
2019-09-11
2019-09-11
2019-09-11
2019-09-11
2019-09-11
2019-09-11
2019-09-11
2019-09-11
2019-09-11
Brno
Ráby
Praha 9-Klánovice
Vrchlabí
Karviná
Brno-Židenice
Olomouc-Nemilany
Praha 6
Jihlava
Olšina u Horní Plané
Blansko
Praha 5-Radotín
Ivančice
Náchod
Praha 7-Letná
Zadov
Brno
Františkovy Lázně
Dětřichov u Jeseníku
Šumice
Triexpert Cup - Pisárky
Kunětická devítka – středeční pohár v cross-country běhu
Běh Vídrholcem
Vrchlabská míle
6. Běh pro zdraví
Běh Akátkami
Nemilanská osmička
Běh dobré vůle Nadace Olgy Havlové
Jihlavská hodinovka
DOPORUČUJEMEBěhej lesy Boletice - noční závod
Blanenská desítka
RUN Praha - Plzeň
Běh na Boží horu
DOPORUČUJEMEMontacké vlny
DOPORUČUJEMENN Night Run a Avon běh za zdravá prsa Praha
Velká cena Zadova v běhu do vrchu nahoru/dolů, Kvalifikace na Mistrovství světa
Superlife Columbia běh brněnskou ZOO
Čelovkový běh Františkovy Lázně
2 míle Josefa Odložila
Šumická Bota
2019-09-14
2019-09-14
2019-09-14
2019-09-14
2019-09-14
2019-09-14
2019-09-14
2019-09-14
2019-09-14
2019-09-14
2019-09-14
2019-09-14
2019-09-14
2019-09-14
2019-09-14
2019-09-14
2019-09-14
2019-09-14
2019-09-14
2019-09-14
Přerov
Praha 4
Brno
Chuchelná
Lanškroun
Uničov
Kladno
Loučany
Studenec u Horek
Boží Dar
Hladké Životice
Český ráj
Trmice
Brno-Soběšice
Mosty u Jablunkova
 Ústí nad Labem
Praha 6-Vypich
Praha 10
Branžež
Štědrákova Lhota
Přerovské kopky
Lhotecký běh
Brněnský masakr
Běh Chuchelnou
Kopa běh
Uničovská Maratonka
Kladenský maratón
Loučansky Mlénsky kolo
Posvícenský koláč
Běh lyžařů Jahodovka
Běh Poodřím
Gladiator Race Run Český ráj
Trmická desítka za Přemyslem Oráčem
B:TRAIL
Hory Bory
Běh upřímných srdcí
BĚH PRO KUŘE 2019
Běh pro Paraple 2019
DOPORUČUJEMEEleven půlmaraton Český ráj
Štědrákovský půlmaraton
2019-09-15
2019-09-15
2019-09-15
2019-09-15
2019-09-15
2019-09-15
2019-09-15
2019-09-15
2019-09-15
2019-09-15
2019-09-15
2019-09-15
2019-09-15
2019-09-15
2019-09-15
2019-09-15
2019-09-15
2019-09-15
2019-09-15
2019-09-15
Mimoň
Dobříš
Lukavice
Praha 1-Újezd
Praha 10-Hostivař
Kladruby u Stříbra
Králíky
Bečov nad Teplou
Velká Bíteš
Horní Lhota
Frýdek-Místek
Ostrava-Hrabová
Šumperk
Teplice-Doubravka
Třebíč
Brno
Praha 4
Tachov
Jihlava
Pec pod Sněžkou
Ralská desítka
Běh města Dobříše
O lukavický kahan
Běh na Petřínskou rozhlednu
Hostivařská 15°
Kladrubská pětka
Králický Lískovec
Běh kolem Tří rybníků
PoHodová devítka
Hraběnka Cup, Horní Lhota – Petrovice
Slezanská hodinovka
Štafetová míle Finále
Kros AZ Ekothermu
BĚKODO (Běháme kolem Doubravky)
Uzenářská trojka na dráze
Hodinovka na dráze - Memoriál Františka Nemetze
Geofyzikální běh
Večerní běh Tachovem
Běh na Vysoký kámen
Rock Point - Horská výzva Krkonoše - long distance
2019-09-21
2019-09-21
2019-09-21
2019-09-21
2019-09-21
2019-09-21
2019-09-21
2019-09-21
2019-09-21
2019-09-21
2019-09-21
2019-09-21
2019-09-21
2019-09-21
2019-09-21
2019-09-21
2019-09-21
2019-09-21
2019-09-21
2019-09-21
Ústí nad Labem
Radim
Sloup v Moravském krasu
Teplice nad Metují
Kopřivnice
Cvilín
Kokořínský Důl
Svatý Jan nad Malší
Praha 4
Česká Třebová
Ústí nad Labem
Litovel
Rotava
Červený Kostelec
Hlinsko v Čechách
Hlinsko v Čechách
Hlinsko v Čechách
Praha-Běchovice
Kocelovice u Blatné
Unhošť
Mattoni 1/2Maraton Ústí nad Labem
Radim v pohybu
Běh Moravským krasem
Sluncekros
Běh rodným krajem Emila Zátopka
Cvilínské schody
Inov-8 Koko(řínský) kros
Svatojánský kopeček
DOPORUČUJEMECraft Team Running 2019 - Praha
Cross po lyžařských tratích
dm rodinný běh
Litovelská nealkoholická čtrnáctka
Rotavské pahorky
DOPORUČUJEMEBěh pro hospic
Saar Challenge - Long
Saar Challenge - Half
Saar Challenge - Short
Mladé Běchovice
Kocelovice-Hornosín-Kocelovice
Unhošťský duatlon
2019-09-21
2019-09-21
2019-09-21
2019-09-21
2019-09-21
2019-09-21
2019-09-21
2019-09-21
2019-09-21
2019-09-21
2019-09-21
2019-09-21
2019-09-21
2019-09-21
2019-09-21
2019-09-21
2019-09-21
2019-09-21
2019-09-21
2019-09-21
Plzeň
Brno
Zlín
Jankov u Votic
Dobříš
Praha 4-Krč
Syrovín
Nová Hradečná
Klíny
Jilemnice
Hrotovice
Loket
Kraslice
Pec pod Sněžkou
Pec pod Sněžkou
Radějov
Praha-Vinoř
Olšany
Ostrava
Dolní Bojanovice
Plzeňská hodinovka
Noční běh Brnem
Strojařská desítka
Šustův běh
Sorex brdský terénní půlmaratón
Běh zahradou
Syrovínský běh Velkou Moravou
Bradelníček
Hudy Běh na Klíny
Jilemnice - Žalý
Běh městem Hrotovice
Běžíme na hrad Loket
Běh kolem Domácího vrchu
Rock Point - Horská výzva Krkonoše - half distance
Rock Point - Horská výzva Krkonoše - short distance
Partyzánská
Miranovy duby 2019
Olšanská pětka
CRAFT RunFest Ostrava
Burčáková šestka
2019-09-22
2019-09-22
2019-09-22
2019-09-22
2019-09-22
2019-09-22
2019-09-22
2019-09-22
2019-09-22
2019-09-22
2019-09-22
2019-09-22
2019-09-22
2019-09-22
2019-09-22
2019-09-22
2019-09-22
2019-09-22
2019-09-22
2019-09-22
Benešov u Prahy
Desná v Jizerských horách
Praha 6
Praha 6
Krásná u Aše
Praha 4
Plzeň
Olomouc-Neředín
Praha 4-Braník
Šumperk
Teplice-Doubravka
Ráby
Planá
Jihlava
Náměšť na Hané
Olomouc
Ivančice
Hradec Králové
Děčín
Teplice
Benešovská desítka
Přes desenské kopce
Hvězdná desítka
ADRAběh 2019
Krásenský kros
Márův běh
Tempo Makers Run Plzeň
AIR BAR kros
Pražská běžecká tour VAŠÍ LIGY (10)
Kros obchodní akademie
BĚKODO (Běháme kolem Doubravky)
Kunětická devítka – středeční pohár v cross-country běhu
Večerní běh Planou
Cena Běžce Vysočiny - memoriál Luboše Svobody
Běh Terezským údolím
Zářijový běh Smetanovými sady
Ivančická hodinovka
Mitas Gočárovy schody
Běh Velké skály
MilešovKa(p)
2019-09-28
2019-09-28
2019-09-28
2019-09-28
2019-09-28
2019-09-28
2019-09-28
2019-09-28
2019-09-28
2019-09-28
2019-09-28
2019-09-28
2019-09-28
2019-09-28
2019-09-28
2019-09-28
2019-09-28
2019-09-28
2019-09-28
2019-09-28
Třebíč
Olomouc-Hejčín
Chrudim
Rychnov u Jablonce nad Nisou
Rejvíz
Unhošť
Šumava 
Vodňany
Česká Lípa
Blažovice
Čerčany
Nový Jičín
Bradlecká Lhota
Sedloňov v Orlických horách
Capartice
Nový dvůr - Břeclav 
Lanškroun
Přerov
Přerov
Přerov
Borovinská desítka
Běh s Klokanem
Chrudimská vinařská desítka
Rohozec Rychnovský Svatováclavský půlmaraton
Czech Ultra Trail Tour - Jeseníky
Běh Neumannovou stezkou
7 pohoří - Šumava
Svatováclavský běh Vodňany
City Cross Run Česká Lípa
Svatováclavský běh Blažovicemi
Po stopách Mahacupu
Běh Novojičínským parkem
2Hrady
O pohár Sedloňova
Memoriál Matěje Mauera
Svatováclavský běh LVA
4. Zemská míle
Extrém Race 1/2 Maraton
Noční Extrém race
Extrém Race 24h
2019-09-28
2019-09-28
2019-09-28
2019-09-28
2019-09-28
2019-09-28
2019-09-28
2019-09-28
2019-09-28
2019-09-28
2019-09-28
2019-09-28
2019-09-28
2019-09-28
2019-09-28
2019-09-28
2019-09-28
2019-09-28
2019-09-28
2019-09-28
Ostrava-Zábřeh
Ještětice
Nový Bor
Brno
Vinařice u Kladna
Vinařice u Kladna
Plzeň
Horní Heřmanice
Aš
Machov
Praha-Běchovice
Klec
Praha 6-Vokovice
Praha 3
Pardubice
Šumperk
Třebíč
Olomouc
Polná u Jihlavy
Liberec
Podzimní RUNdál
Ještětický běh
Jarní běh "Memoriál Josefa Bělky"
Pivní míle
Excalibur Race Sky Hornický skanzen Mayrau
Excalibur Race Hell Hornický skanzen Mayrau
ŠKODA FIT půlmaraton
Heřmanická osmička
Horský půlmaraton
Běh na Hejšovinu
Běchovice - Praha, MČR v silničním běhu mužů, žen, juniorů a juniorek
Český kros Třeboň
Běh okolo Džbánu
Vítkovská 10
Kondiční běh na Kuňku
Kaskády
Běh naděje
Novosvětská sedmička
Běh Březinou v Polné
Liberec Nature Run
2019-10-05
2019-10-05
2019-10-05
2019-10-05
2019-10-05
2019-10-05
2019-10-05
2019-10-05
2019-10-05
2019-10-05
2019-10-05
2019-10-05
2019-10-05
2019-10-05
2019-10-05
2019-10-05
2019-10-05
2019-10-05
2019-10-05
2019-10-05
Nové Město nad Metují
Zlín
Benešov u Semil
Děčín
České Budějovice
Vratimov
Hrádek nad Nisou
Oslavany
Praha 7
Rýmařov-Flemda
Příbram
Nučice u Rudné
Ostrava-Hošťálkovice
Kamenický Šenov-Prácheň
Liberec
Plzeň
Černá v Pošumaví
Plzeň
Bukovany
Vlašim
DOPORUČUJEMECena Metuje
Běh na 2 míle Zlín
Benešovská osmička
Děčínská hodinovka
DOPORUČUJEMENN Night Run a Avon běh za zdravá prsa České Budějovice
Zlatý podzim
Silniční běh Hrádek nad Nisou - Žitava
Oslavanský podzimní kros
Běh na 2 míle Praha
Běh na Čerťák
Běh města Příbrami
Nučická stezka
Memoriál Michala Pětroše
Běh kolem Panské skály
dm rodinný běh
Plzeňská třicítka a dvacítka
Vyhlídkový běh kolem Černé
Plzeňský maraton na atletické dráze
Bukovanský mlýn
Běh zámeckým parkem
2019-10-05
2019-10-05
2019-10-05
2019-10-05
2019-10-05
2019-10-05
2019-10-05
2019-10-05
2019-10-05
2019-10-05
2019-10-05
2019-10-05
2019-10-05
2019-10-05
2019-10-05
2019-10-05
2019-10-05
2019-10-05
2019-10-05
2019-10-05
Pístovice u Vyškova
Telč
Spořice
Brno
Babylon
Zvole
Slavkov u Brna
Veveří
Stará Myjava (SVK
Krčmaň
Mokré Lazce
Lubná u Poličky
Turnov
Veselí nad Lužnicí
Stará Ves u Rýmařova
Zlín
Ruda nad Moravou
Hradec Králové
Stříbro
Zámek Kozel
Běh Pístovickou riviérou
Roštejnské stráně
Spořická šestka
Luďkův běh
Běh babylonskými lesy
Zvolský běh
Běh Slavkovem
Běžíme na hrad Veveří
Rugged Race Stará Myjava - Wind element
K3 Krčmaňský běh přes tři vrcholy
Mokrolazecký přespolňák
Lubenská desítka cross
Běh Turnov
Běh kolem Lužnice
Horský běh Stará Ves – Alfrédka – Stará Ves
Sri Chinmoy 1/2maraton
Běh salónu Zdena
DOPORUČUJEMEČSOB Hradecký půlmaraton a maraton
Běh kolem Mže
Kozelský cross
2019-10-06
2019-10-06
2019-10-06
2019-10-06
2019-10-06
2019-10-06
2019-10-06
2019-10-06
2019-10-06
2019-10-06
2019-10-06
2019-10-06
2019-10-06
2019-10-06
2019-10-06
2019-10-06
2019-10-06
2019-10-06
2019-10-06
2019-10-06
Olomouc
Zichovec
Františkovy Lázně
Hořovice
Huť u Jablonce nad Nisou
Klášterec nad Orlicí
Čelákovice
Český les
Spořice
Jáchymov
Ivaň
Plzeň
Hradec Králové
Stará Myjava (SVK
Pozořice
Kladno
Praha 9-Horní Počernice
Šumperk
Dobrná
Teplice-Doubravka
Běh na 2 míle Olomouc
Zichovecká 12
Václavský běh
Hořovický cvoček
Huť - Bratříkov - Huť
Běh údolím Orlice
Čelákovická hodinovka
DOPORUČUJEMEMizuno Trail Running Cup 2019 - Česko-německý půlmaraton
Spořický půlmaraton
Běh okolo Panoramy
Přeběh přes okres Prostějov
Borské dvojičky
Kingspan Běh proti rakovině
Rugged Race Stará Myjava - Fire element
Pozořický SOPEL
Kladenská hodinovka
Podzimní běh okolo Europlantu
Šumperská hodinovka
Podzimní kros na Sokolím vrchu
BĚKODO (Běháme kolem Doubravky)
2019-10-09
2019-10-09
2019-10-09
2019-10-09
2019-10-09
2019-10-09
2019-10-09
2019-10-09
2019-10-09
2019-10-09
2019-10-09
2019-10-09
2019-10-09
2019-10-09
2019-10-09
2019-10-09
2019-10-09
2019-10-09
2019-10-09
2019-10-09
Pardubice
Praha 6-Petřiny
Praha 6-Dejvice
Ráby
Karviná
Brno
Vidče
Růžená
Benešov u Semil
Černé Voděrady
Chlum u Třeboně
Mikulov
Mikulov
Praha 6
Brno
Hradčany
Rybí
Vlašim
Střelice u Brna
Lovečkovice
Pardubická desítka na dráze
Běh chemiků
Kotlářská míle a desítka
Kunětická devítka – středeční pohár v cross-country běhu
7. Běh pro zdraví
Běh okolo Campusu
5 Beskydských vrcholů
Roštýnskou oborou
ENERVIT Benešovský maratón a půlmaratón Pojizeřím
Inov-8 Kros Bučiny
Běh kolem Hejtmanu
Rock Point - Horská výzva Pálava - long distance
Rock Point - Horská výzva Pálava - short distance
DOPORUČUJEMEČeská pojišťovna RunTour Praha
DOPORUČUJEMEČSOB Vokolo priglu
Hradčanské vlnky
Rybský trhák
Noční běh vlašimským parkem
Střelický kros
Lovečkovický kros na Sedlo
2019-10-12
2019-10-12
2019-10-12
2019-10-12
2019-10-12
2019-10-12
2019-10-12
2019-10-12
2019-10-12
2019-10-12
2019-10-12
2019-10-12
2019-10-12
2019-10-12
2019-10-12
2019-10-12
2019-10-12
2019-10-12
2019-10-12
2019-10-12
Bořetice
Litovelské Pomoraví
Plzeň
Doksy
Bohutín
Chlumec nad Cidlinou
Baška
Klatovy
Třeboň
Litoměřice
Chodov
Holice
Machov
Nové Město na Moravě
Tanvald
Hrabenov
Prachov
Chodová Planá
Třebíč
Šternberk
Běh za bořetickým burčákem
Varadero Cup
Běh Borským parkem
Červený okruh
Běh Bohutínem
Chlumecká pětka - Memoriál Vládi Mrázka
Bašťanská šestka
Běh klatovskou Hůrkou
Běh pro Kleofáše (dobročinný běh)
Máchův běh
Běh Smolnickým kopcem
Okolo Hlubáku
Borský kros
Podzimní přespolní běh - Memoriál Jiřího Bláhy
Tanvaldský ŠtěpánCup
Hrabenovský kros
Žabí běh
Běh z Pístova
Běh Libušiným údolím
Podzimní Kiosk
2019-10-13
2019-10-13
2019-10-13
2019-10-13
2019-10-13
2019-10-13
2019-10-13
2019-10-13
2019-10-13
2019-10-13
2019-10-13
2019-10-13
2019-10-13
2019-10-13
2019-10-13
2019-10-13
2019-10-13
2019-10-13
2019-10-13
2019-10-13
Kateřinice u Příbora
Uherské Hradiště
Rudice v Moravském krasu
Záluží u Třemošné
Kolín
Praha 4-Kunratice
Haviřov
Klášterec nad Ohří
Praha 8-Kobylisy
Olomouc-Neředín
Teplice nad Metují
Frýdek-Místek
Nový Malín
Ústí nad Labem
Jihlava
Praha 9
Praha 4-Kunratice
Náměšť na Hané
Říčany
Špindlerův Mlýn
Kateřinický trail
Slovácký běh
Běh kolem Klostermannovy studánky
Forestova šestka
Drozdův lesní běh
Malá Kunratická
Havířovská desítka
Běh zámeckým parkem
Ďáblická míle
Podzimní neředínský kros
Běh na Kraví horu
Frýdecká míle
Malínská Osmička
Přebor UJEP v přespolním běhu
Běh Heulosem - memoriál Jiřího Šmrhy
Night Gladiator Race Praha
Pražský kelt
Běh do vrchu Olbramice
Lesní běh Říčany XCR
Malá cena Špindlerova Mlýna
2019-10-19
2019-10-19
2019-10-19
2019-10-19
2019-10-19
2019-10-19
2019-10-19
2019-10-19
2019-10-19
2019-10-19
2019-10-19
2019-10-19
2019-10-19
2019-10-19
2019-10-19
2019-10-19
2019-10-19
2019-10-19
2019-10-19
2019-10-19
Cholín
Cholín
Cholín
Olomouc
Písek
Jablonné v Podještědí
Praha 6
Kunvald
Plesná u Chebu
Hronov
Praha 9
Grymov
Velké Karlovice
Ostravice
Třeboň
Plzeň
Moravský Krumlov
Nová Role
Aš
Klenčí pod Čerchovem
EPO Trail Maniacs Slapy - 33
EPO Trail Maniacs Slapy - 47
EPO Trail Maniacs Slapy - 61
DOPORUČUJEMENN Night Run a Avon běh za zdravá prsa Olomouc
Běh kolem Ameriky
Běh okolo Lemberka
Superlife Columbia divoký běh Šárkou
Sokolský půlmaraton
Čelovkový běh Plesná
DOPORUČUJEMESilniční běh Hronov-Náchod
Gladiator Race Praha
Grymovská pětka
Běhej Valachy
Ostravický kros
Compressport Třeboňský maraton
Roudenský běh
Krumlovský běh
Porcelánový běh
Běh podél Halštrova
Běh přátelství Klenčí pod Čerchovem - Waldmünchen
2019-10-19
2019-10-19
2019-10-19
2019-10-19
2019-10-19
2019-10-19
2019-10-19
2019-10-19
2019-10-19
2019-10-19
2019-10-19
2019-10-19
2019-10-19
2019-10-19
2019-10-19
2019-10-19
2019-10-19
2019-10-19
2019-10-19
2019-10-19
Velké Meziříčí
Ráby
Šumperk
Police nad Metují
Zlín
Hořice u Blanska
Slatiňany - Hůra
Praha 9
Praha-Klánovice
Brno
Dobřichovice
Jesenice
Praha 5-Velká Chuchle
Horní Slavkov
Rajhrad
Příbram
Praha 4-Braník
Olomouc
Velké Bílovice
Děčín
NKT Koloběh
Kunětická devítka – středeční pohár v cross-country běhu
Horokros
Okolo Ostaše
Běh Zlínem "Přes valašské kotáry"
Hořická rokle
Velká cena Monaka
Gladiator Race Praha
Klánovický 1/2maraton
Brněnská pětadvacítka
Z Dobřichovic na Šraňk
Jesenický surovec
DOPORUČUJEMEMizuno Trail Running Cup 2019 - Praha-Dobříš
Slavkovský podzimní kros
Indiánský běh Rajhrad
Běh pro republiku
Pražská běžecká tour VAŠÍ LIGY (11) - Speciál s čelovkou
Říjnový běh Smetanovými sady
Vinařský maraton
Běh do vrchu na Pastýřskou stěnu
2019-10-26
2019-10-26
2019-10-26
2019-10-26
2019-10-26
2019-10-26
2019-10-26
2019-10-26
2019-10-26
2019-10-26
2019-10-26
2019-10-26
2019-10-26
2019-10-26
2019-10-26
2019-10-26
2019-10-26
2019-10-26
2019-10-26
2019-10-26
Velké Bílovice
Praha 5
Odry
Ústí nad Labem
Abertamy 
Janov nad Nisou 504
Praha
Otrokovice
Hranice
Plzeň
Plískov
Praha 4-Braník
Verměřovice
Loštice
Ostrava-Poruba
Týniště nad Orlicí
Bučovice
Mšeno
Horní Blatná
Javořice
Vinařský půlmaraton
La Sportiva Prague Park Race
Hei Kros
Ústecký VitaSport maraton
7 pohoří - Krušné Hory
ČSOB Janovských 11 a 19 km ELEVEN
DOPORUČUJEMEChupa Chups Zombie Night Run
Otrokovické svahy
Hranický horský běh
Halloweenský Párty běh
Běh Bukovem
Podzimní půlmaraton VAŠÍ LIGY
Z Turecka do Austrálie přes Ameriku
Běh za loštickým tvarůžkem
Porubský čtvrtmaraton
Týnišťská desítka
Sokolský běh
Běh Debří
Blaťák
Český kros Javořice
2019-10-28
2019-10-28
2019-10-28
2019-10-28
2019-10-28
2019-10-28
2019-10-28
2019-10-28
2019-10-28
2019-10-28
2019-10-28
2019-10-28
2019-10-28
2019-10-28
2019-10-28
2019-10-28
2019-10-28
2019-10-28
2019-10-28
2019-10-28
Babice nad Svitavou
Praha 1-Malá Strana
Děčín
Jedovnice
Kamenice
Lomnice nad Popelkou
Bedřichov
Milovice
Syrovice
Portland (USA
Malé Svatoňovice
Letovice
Zlín
Frýdek-Místek
Pardubice
Dolní Žleb
Liberec
Přeštice
Praha 7
Křivoklát
Běh republiky
Běh republiky
Běh republiky
Běh republiky
Běh republiky
Běh republiky
Běh republiky
Běh republiky
Běh republiky
Běh republiky
Běh na Žaltman
Běh okolo přehrady Křetínky
Běh na 2 míle Zlín
Hornická desítka
Malá Pardubická cross country
Běh Labským údolím
Běh na Českou chalupu - Memoriál Mirko Gräfa
Přeštická osmička
Běh na 2 míle Praha
Malá křivoklátská
2019-11-02
2019-11-02
2019-11-02
2019-11-02
2019-11-02
2019-11-02
2019-11-02
2019-11-02
2019-11-02
2019-11-02
2019-11-02
2019-11-02
2019-11-02
2019-11-02
2019-11-02
2019-11-02
2019-11-02
2019-11-02
2019-11-02
2019-11-02
Dolní Adršpach
Horažďovice
Praha 5
Brno
Olšová Vrata
Otrokovice-Baťov
Praha 5-Radotín
Přeštice
Praha 5-Motol
Plzeň-Hradiště
Olomouc
Turnov
Kdyně
Kuřim-Podlesí
Horní Ředice
Praha 3
Praha 6-Suchdol
Ludgeřovice
Ráby u Pardubic
Plzeň-Bolevec
Ádrkros
Běh kolem Práchně
Běh Mrázovkou - o pohár Starosty Sokola I. Smíchov
Luďkův běh
Běh přes Vítkův vrch
Memoriál MUDr. Josefa Podmolíka v půlmaratonu
RunX – 15 T
Lesní kros
DOPORUČUJEMEMizuno Trail Running Cup 2019 - Motolské jamky
3x Hradišťskou strání
Běh na 2 míle Olomouc
Hruštice: Turnov-Malá Skála-Turnov
Běh na Koráb
Běh na Babí lom
Běh Horními Ředicemi
Vítkovská 10
Běh o pohár rektora ČZU
Ludgeřovická krosová desítka
Perníková devítka
Hannah PilsenTrail Krkavec
2019-11-09
2019-11-09
2019-11-09
2019-11-09
2019-11-09
2019-11-09
2019-11-09
2019-11-09
2019-11-09
2019-11-09
2019-11-09
2019-11-09
2019-11-09
2019-11-09
2019-11-09
2019-11-09
2019-11-09
2019-11-09
2019-11-09
2019-11-09
Říčany
Pardubice
Hlušovice
Kardašova Řečice
Hořovice
Tábor
Praha
Úpice
Jedovnice
Krnov
Lhota
Praha 7
Capartice
Chlumec nad Cidlinou
Ostrava-Zábřeh
Praha 4-Kunratice
Žandov
Liberec
Cheb
Praha 8-Kobylisy
Superlife Columbia Srdcervoucí běh
DOPORUČUJEMEČeská pojišťovna RunTour Pardubice
Běh přes černovírský les
1/2 maraton Kardašova Řečice
Podzimní běh Dražovkou
Lesní běh Pintovkou
Král Točné - Žaludská osma
Běh Dlouhými záhony
Běh za jedovnickým kaprem - Memoriál Jiřího Kovaříka
Kros krnovských orientačních běžců Hrouzovka
Lhotecká Kaštanka
Podzimní běh Olympu
Capartická osma
Chlumecká pětka - O Svatomartinskou husu
Starobělské Lurdy
Velká kunratická
Žandovská desítka
Konrádova 11°
Chebská běžecká zima I
Ďáblická míle
2019-11-12
2019-11-12
2019-11-12
2019-11-12
2019-11-12
2019-11-12
2019-11-12
2019-11-12
2019-11-12
2019-11-12
2019-11-12
2019-11-12
2019-11-12
2019-11-12
2019-11-12
2019-11-12
2019-11-12
2019-11-12
2019-11-12
2019-11-12
Únětice
Náchod-Běloves
Kopidlno
Moravské Budějovice
Hořice v Podkrkonoší
Konstantinovy Lázně
Červenka
Beroun
Kladno
Karlovy Vary-Stará Role
Paskov
Děčín
Hradec Králové
Přerov
Kopřivnice
Brno-Jehnice
Polička
Velešín
Ostrava-Hrabová
Čelákovice
Běh o únětickou 10°
Běh na Dobrošov
Běh 17. listopadu
Půlmaraton pátera Václava Kosmáka
Hořický kros
Lázeňská osmička
Podzimní běh Červenkou
Svatojánská 20
Závod dvojic
Karlovarský kros
Paskovská devítka
Velká cena 17. listopadu v běhu na 5000 m
Běh městem Hradec Králové
Běh 17. listopadu
Běh kolem koupaliště
Běh o pohár Jehnic
Běh 17. listopadu
Krosová 12° - Memoriál Marka Voráčka
Běh 17. listopadu v Hrabové
Večerní běh městem Čelákovice
2019-11-17
2019-11-17
2019-11-17
2019-11-17
2019-11-17
2019-11-17
2019-11-17
2019-11-17
2019-11-17
2019-11-17
2019-11-17
2019-11-17
2019-11-17
2019-11-17
2019-11-17
2019-11-17
2019-11-17
2019-11-17
2019-11-17
2019-11-17
Kadaň
Moldava
Olomouc
Teplice nad Metují
Stříbro
Přáslavice
Tochovice
Hamr na Jezeře
Lovosice
Vyškov
Plzeň
Dříteč
Dříteč
Děčín
Senohraby
Praha 4-Braník
Žatec
Okrouhlá u Boskovic
Pardubice
Pardubice
Běh 17. listopadu
Český kros Moldava podzim
Listopadový běh Smetanovými sady
Běh na Čáp
Mikulášská dvacítka
Běh sv. Kateřiny
Tochovický kros Podrejžím - Memoriál Ing. Jaroslava Malého
Čertovskej wintertrail
Výběh na Lovoš
Vyškovský Mikulášský běh - Memoriál Milana Dvořáka
Charitativní závod na 2 míle
MČR v přespolním běhu mužů, žen, juniorů a juniorek
Grand Prix Dříteč Cross Country 2019
Běh na Chlum
Podzimní běh Lyžařů
Pražská běžecká tour VAŠÍ LIGY (12)
Hopman adventní běh
Mikulášský běh Okrouhlá
Mikulášský běh na Dukle
Night TAXIS Gladiator Race
2019-11-30
2019-11-30
2019-11-30
2019-11-30
2019-11-30
2019-11-30
2019-11-30
2019-11-30
2019-11-30
2019-11-30
2019-11-30
2019-11-30
2019-11-30
2019-11-30
2019-11-30
2019-11-30
2019-11-30
2019-11-30
2019-11-30
2019-11-30
Náměšť na Hané
Úpice
Kruh
Znojmo
Slaný
Slavkov u Brna
Choceň
Pardubice
Olomouc
Liberec
Brada-Rybníček
Praha 5-Zbraslav
Struhařov u Mnichovic
Zlín
Liberec
Frýdek-Místek
Čimelice
Bílovice nad Svitavou
Praha 7
Olomouc
Běh okolo náměšťského zámku
Mikulášský běh
Kružská Kundratická
DOPORUČUJEMEČEPS Christmas Run Znojmo
Slánské běhy
Běh na Mohylu míru
Malá cena Velké Verandy
TAXIS Gladiator Race
Běh na 2 míle Olomouc
Mikulášský běh v Liberci
Mikulášský běh na Bradech
Zbraslavský běh o pohár H.S.H.
Mikulášský lesní běh
Běh na 2 míle Zlín
Winter SkyRace®
Předvánoční běh
Mikulášský běh Čimelice
Vánoční běh Rudolfa Těsnohlídka
Běh na 2 míle Praha
Mikulášský běh
2019-12-07
2019-12-07
2019-12-07
2019-12-07
2019-12-07
2019-12-07
2019-12-07
2019-12-07
2019-12-07
2019-12-07
2019-12-07
2019-12-07
2019-12-07
2019-12-07
2019-12-07
2019-12-07
2019-12-07
2019-12-07
2019-12-07
2019-12-07
Unhošť
Zlín-Louky
Tachov
Brno
Olomouc
Praha-Dolní Počernice
Brno
Říp
Damníkov
Ostrava-Zábřeh
Cheb
Most
Hrbovice
Praha 5-Jinonice
Praha 8-Kobylisy
Bujanov
Třebíč
Praha 1
Němčice u Litomyšle
Mšeno-Vojtěchov
Čertovská 5
Mikulášský běh
Běh Mikulášské trojice
Bitva 3 vrchařů
DOPORUČUJEMEČEPS Christmas Run Olomouc
Předvánoční běh
Luďkův běh
KoloBěh Říp - Praha
Čertovský Běh
Zimní RUNdál
Chebská běžecká zima II
DOPORUČUJEMEČEPS Christmas Run Most
Hrbovická desítka
Běh cyklistů
Ďáblická míle
AIR Force Cross
Kros Hrádek
DOPORUČUJEMEČEPS Christmas Run Praha
Vánoční běh okolo Zlatého pásku
Běh Boudeckou roklí
2019-12-15
2019-12-15
2019-12-15
2019-12-15
2019-12-15
2019-12-15
2019-12-15
2019-12-15
2019-12-15
2019-12-15
2019-12-15
2019-12-15
2019-12-15
2019-12-15
2019-12-15
2019-12-15
2019-12-15
2019-12-15
2019-12-15
2019-12-15
Ráby
Zvole
Praha 3
Olomouc
Plzeň
Perná
Opava
Hradecké lesy
Plzeň-Bolevec
Český Brod
Plzeň-Lobzy
Praha 4
Kutná Hora
Praha 8-Ďáblice
Karlovy Vary
Prachatice
Ostrava-Poruba
Kolesa u Kladrub nad Labem
Františkovy Lázně
Zlín-Příluky
Adventní běh
Trailová Závist
Vítkovská 10
Prosincový běh Smetanovými sady
Vánoční charitativní párty běh
Předvánoční běh pod Pálavou
Vánoční běh
Vánoční hradecká míle
Vánoční maraton okolo Boleváku
Českobrodská vánoční desítka
Lobezský botokros
Štědrodenní kondiční běh
Vánoční výběh na Kaňk
Vánoční běh v Ďáblickém háji
Štědrovečerní Richardův běh a memoriál Franty Nečase
Štěpánský běh
Štěpánský běh Porubou
Vánoční běh
Vánoční běh
Štěpánský běh
2019-12-26
2019-12-26
2019-12-26
2019-12-26
2019-12-26
2019-12-26
2019-12-26
2019-12-26
2019-12-26
2019-12-26
2019-12-26
2019-12-26
2019-12-26
2019-12-26
2019-12-26
2019-12-26
2019-12-26
2019-12-26
2019-12-26
2019-12-26
Kyjov
Třtice
Svitavy
Litultice
Děčín
Klatovy
Náměšť na Hané
Petrovice u Blanska
Trojanovice
Teplice
Dolany u Klatov
Český Krumlov
Soběslav
Pardubice
Jihlava
Jablonec nad Nisou
Varnsdorf
Stříbro
Třebíč
Kolín
Štěpánský běh v Kyjově
Vánoční běh Třtice
Štěpánský kros
Litultovická vánočka
Vánoční běh na Sněžník
Vánoční běh pod Černou věží
Náměšťský štěpánský běh
Hraběnčino běhání - Memoriál Jaroslava Parmy
Czech Ultra Trail Tour - Beskydy
Český kros OC Galerie Teplice
Silvestrovský běh - Řakom
KleKluLi
Silvestrovský běh ulicemi města Soběslavi
Kondiční běh na Kuňku
Silvestrovský běh
Silvestrovský běh okolo 3 přehrad
Silvestrovský běh Varnsdorfem
Silvestrovský běh
Silvestrovský běh na Klučovku
Silvestrovský běh
2019-12-31
2019-12-31
2019-12-31
2019-12-31
2019-12-31
2019-12-31
2019-12-31
2019-12-31
2019-12-31
2019-12-31
2019-12-31
2019-12-31
2019-12-31
2019-12-31
2019-12-31
2019-12-31
2019-12-31
2019-12-31
2019-12-31
2019-12-31
Plzeň
Praha 2-Vinohrady
Ostrava-Hrabová
Karviná
Havlovice
Dlouhoňovice
Roudnice nad Labem
Jistebnice
Lysá nad Labem
Brno-Nový Lískovec
Brno-Pisárky
Doksy
Rokycany
Chýnov u Tábora
Ústí nad Labem
Rtyně v Podkrkonoší
Olomouc
Štěpánov
Cheb
Havlovice
Silvestrovský maraton
Silvestrovský běh Jardy Štercla
Silvestrovský běh Hrabovou
Silvestrovský běh
Silvestrovský běh Havlovicemi
Silvestrovský běh okolo Dlouhoňovic
Běh od Hasy k Hase
Silvestrovský běh Jistebnice
Silvestrovský běh
Silvestrovský běh - memoriál Richarda Plcha
Novoroční půlmaraton
Novoroční běh okolo Máchova jezera
Novoroční běh na Žďár u Rokycan
Běh milénia
Běh Milana Varcholy
Rtyňské okruhy sídlištěm
Lednový běh Smetanovými sady
Běh na Hutích
Chebská běžecká zima III
Běh Ratibořickým údolím
